,village_name,school,hospital,park,retail
0,南岸村民委员会,120,10,10,138
1,洲边村民委员会,30,7,6,132
2,邓岗村民委员会,33,7,10,73
3,范湖社区居民委员会,14,6,1,43
4,小柳店村委会,63,6,6,45
5,马起乏村委会,561,49,5,348
6,西柳村委会,46,16,0,92
7,行宫村委会,699,55,7,410
8,湘山村委会,25,10,0,30
9,下界溪村委会,22,7,0,23
10,东谢村委会,22,7,0,23
11,韩浜村委会,37,16,1,39
12,新屯南村委会,37,16,1,43
13,潘韩村委会,12,11,1,8
14,共何村委会,65,14,1,66
15,新下湖村委会,62,14,1,65
16,雀嘴村委会,44,10,0,44
17,舜岸村委会,13,0,0,11
18,五夫村委会,54,13,2,72
19,陈家坊村委会,14,2,0,9
20,菜园村委会,14,4,0,20
21,冯庄村委会,14,4,0,20
22,王喇村委会,6,3,0,17
23,草舍村委会,5,2,0,7
24,嵇东村委会,3,5,0,1
25,广山村委会,5,3,0,11
26,江南村委会,1,0,0,1
27,北袁旗营村委会,302,50,8,170
28,东明集村委会,27,9,0,21
29,荆台集村委会,38,7,0,31
30,任老屯村委会,23,7,0,27
31,夏行村委会,152,21,0,93
32,段末营村委会,15,6,0,9
33,临河店村委会,15,3,0,7
34,周管营村委会,25,7,0,22
35,胡庄村委会,225,29,1,134
36,宋庄村委会,19,7,0,14
37,马桥村委会,13,5,1,3
38,玉皇庙村委会,17,6,0,17
39,郝北城村委会,16,7,1,21
40,陈屯村委会,375,67,3,244
41,牛集村委会,34,4,1,48
42,景庄村委会,156,21,0,90
43,英疃村委会,414,36,6,284
44,郑庄村委会,46,8,0,55
45,贯庄村委会,304,30,5,244
46,和堂村委会,388,37,3,287
47,西蔡村委会,373,27,6,262
48,望东村委会,364,27,6,260
49,西榴村委会,12,4,0,21
50,东安村委会,10,5,0,22
51,青南村委会,34,9,0,33
52,桃东村委会,29,7,1,34
53,桃北村委会,34,8,0,36
54,南芹村委会,16,4,1,19
55,北芹村委会,9,3,1,10
56,山后村委会,22,4,0,31
57,薛埠村委会,15,4,1,18
58,坦埠村委会,5,4,0,4
59,大联村委会,54,15,1,164
60,塘西村委会,26,5,5,32
61,斯村村委会,2,2,1,2
62,象塘夏楼村委会,23,5,3,20
63,溪西村委会,37,16,3,102
64,泉府村委会,48,13,4,95
65,花园村委会,57,16,4,112
66,南新村委会,54,15,4,104
67,上安恬村委会,48,12,3,86
68,防军村委会,23,6,3,47
69,南湖村委会,193,20,15,161
70,东湖村委会,3,2,1,5
71,夏屠村委会,23,7,3,44
72,双溪村委会,27,4,2,84
73,雅村村委会,105,20,3,269
74,许宅村委会,26,9,1,26
75,北关村委会,329,56,3,201
76,三十里铺村委会,211,16,13,106
77,长命水村民委员会,297,18,39,209
78,大雁村民委员会,53,6,18,246
79,大岑村民委员会,132,15,32,350
80,鳌山村民委员会,134,17,18,265
81,同安村民委员会,149,18,19,433
82,安乐村民委员会,216,20,21,564
83,和泰村民委员会,266,25,18,658
84,穗成村民委员会,443,34,27,692
85,永益村民委员会,399,34,24,696
86,益隆村民委员会,192,20,8,752
87,胜龙村民委员会,131,12,8,375
88,新胜村民委员会,187,12,7,575
89,坦背村民委员会,156,15,7,391
90,白鲤村民委员会,112,14,4,500
91,古四村民委员会,272,10,35,783
92,古三村民委员会,255,9,35,749
93,古二村民委员会,257,9,35,777
94,古一村民委员会,246,9,34,776
95,六坊村民委员会,271,13,37,761
96,七坊村民委员会,279,16,38,807
97,冈东村民委员会,273,15,37,751
98,冈南村民委员会,280,13,36,726
99,曹一村民委员会,261,14,35,789
100,曹二村民委员会,228,21,34,781
101,曹三村民委员会,298,12,34,893
102,海洲村民委员会,327,34,26,700
103,龙瑞村民委员会,831,59,65,1207
104,云汉村民委员会,918,57,70,1282
105,乐群村民委员会,635,50,42,1083
106,圣狮村民委员会,452,32,23,821
107,沙溪村民委员会,454,33,26,873
108,会,603,45,20,764
109,七村社区居民委员会,810,48,27,829
110,永二村民委员会,102,17,8,300
111,新前进村民委员会,128,14,4,312
112,高平村民委员会,74,9,8,162
113,新丰村民委员会,70,7,4,499
114,横东村民委员会,191,16,12,544
115,贴边村民委员会,131,14,1,746
116,宝裕村民委员会,55,5,5,310
117,新茂村民委员会,97,10,3,639
118,裕祥村民委员会,130,11,2,644
119,五沙村民委员会,63,5,4,351
120,三沙村民委员会,195,14,6,904
121,罗松村民委员会,103,17,9,206
122,阜沙村民委员会,90,13,6,126
123,牛角村民委员会,113,19,8,248
124,上南村民委员会,32,5,3,114
125,西山社区居民委员会,202,20,11,294
126,乌石村民委员会,252,23,17,469
127,白石村民委员会,125,10,10,287
128,大布村民委员会,219,20,14,325
129,雍陌村民委员会,218,22,17,329
130,古鹤村民委员会,60,15,7,238
131,新圩村民委员会,71,14,6,243
132,茅湾村民委员会,75,14,5,259
133,塘敢村民委员会,243,21,15,322
134,板芙村民委员会,47,7,2,91
135,金钟村民委员会,29,6,3,109
136,里溪村民委员会,26,7,3,100
137,深湾村民委员会,25,6,3,98
138,白溪村民委员会,49,9,3,133
139,宥南村民委员会,18,2,3,42
140,外沙村民委员会,27,5,5,118
141,史店村委会,32,9,3,28
142,岳庄村委会,8,6,0,17
143,李寨村委会,33,9,0,33
144,大安乐庄村委会,110,44,2,133
145,锦源村委会,2,2,0,4
146,新溪桥村委会,250,41,10,149
147,平山社区,3,3,1,3
148,金马村委会,31,7,3,28
149,朱村村委会,29,7,3,28
150,孝村村委会,22,8,5,29
151,高乐村委会,11,6,1,31
152,虹桥村委会,12,6,1,35
153,石门村委会,0,1,1,0
154,龙上村委会,0,2,1,2
155,里畈村委会,1,3,0,2
156,下埠村委会,18,7,2,25
157,自由村委会,76,29,7,99
158,杨洪村委会,3,4,0,4
159,海龙村委会,4,4,1,2
160,乐平村委会,3,4,0,7
161,后营村委会,17,6,2,30
162,白牛村委会,22,8,2,32
163,新都村委会,4,4,1,6
164,马啸村委会,2,2,0,2
165,玉屏村委会,6,3,1,5
166,周云村委会,7,4,1,12
167,对石村委会,20,9,2,26
168,桂芳桥村委会,6,4,1,9
169,武山村委会,165,55,24,107
170,新溪新村委会,4,6,0,12
171,兴龙村委会,6,6,0,17
172,吕匣村村委会,6,1,2,7
173,箕子山村村委会,7,1,0,5
174,王庄村委会,11,0,0,8
175,满沟屯社区村民委员会,350,46,7,219
176,道沟村委会,731,93,3,579
177,小山前村委会,104,19,0,160
178,古城社区村民委员会,414,51,2,386
179,郭家山村委会,35,3,2,48
180,云白常村委会,14,1,1,10
181,王庄村委会,12,1,0,11
182,东朱崔村委会,23,1,0,30
183,金柳村村委会,21,1,0,18
184,巾山村委会,5,2,0,4
185,西洋村委会,527,42,47,268
186,两水村委会,468,35,46,240
187,双桥村委会,182,46,13,237
188,贺家村委会,52,7,1,45
189,朝阳村委会,136,21,5,117
190,上沙村委会,15,5,1,8
191,大田刘村委会,114,22,5,102
192,绚珠村委会,100,15,4,70
193,西洋头村委会,44,7,0,40
194,屈家村委会,144,23,3,114
195,新前塘村委会,8,3,1,13
196,岩园村委会,144,23,3,108
197,横山前村委会,22,7,1,21
198,后泾村委会,37,13,1,33
199,红光村委会,71,26,4,74
200,西岑村委会,13,7,0,9
201,横路村委会,169,57,57,324
202,湖田村委会,19,5,2,17
203,上洋村委会,5,1,2,3
204,方田洋村委会,179,30,6,168
205,半洋村委会,320,55,16,254
206,松中村委会,193,40,6,187
207,汾西村委会,198,40,6,192
208,岸头村委会,138,37,4,178
209,洪家村委会,58,9,3,83
210,下八年村委会,189,35,7,188
211,富沈村委会,190,37,7,191
212,酒店村委会,148,41,5,203
213,西堑村委会,146,23,3,110
214,建立村委会,146,17,5,90
215,西尚村委会,27,6,0,28
216,东尚村委会,28,1,0,23
217,前常二庄村委会,9,3,0,21
218,许张寨村委会,77,15,0,97
219,冯杨村委会,16,2,0,17
220,李河村委会,99,17,2,132
221,代王村委会,47,6,1,38
222,童村村委会,156,20,4,88
223,北街村村民委员会,868,173,18,692
224,南街村村民委员会,868,173,18,671
225,四方桥村委会,16,2,0,39
226,黄墟村委会,26,9,1,40
227,横塘村委会,19,5,2,40
228,花园村委会,162,23,10,137
229,张埝村委会,24,7,0,54
230,大南庄村委会,23,10,1,59
231,界东社区居委会,44,11,1,119
232,界西社区居委会,77,16,2,146
233,金桥村委会,89,14,3,177
234,飞达村委会,67,9,2,133
235,新弄村委会,71,12,1,129
236,赤塘村委会,989,70,40,829
237,宗塘村委会,1028,70,40,861
238,山口村委会,870,64,30,727
239,徐村村委会,165,25,13,216
240,供店村委会,81,19,3,134
241,前流村委会,29,11,0,33
242,江南村委会,144,23,13,200
243,西赵村委会,163,25,14,230
244,毛店村委会,11,6,1,1
245,九联村委会,169,25,14,234
246,西陈村委会,192,20,15,169
247,孔村村委会,525,60,22,556
248,平畴村委会,513,49,15,920
249,下湾村委会,8,4,0,8
250,候儿村委会,473,50,14,817
251,新兴村委会,560,56,14,874
252,后湖村委会,760,66,28,983
253,下王村委会,691,73,50,413
254,尚仁村委会,793,68,30,848
255,大元村委会,12,7,0,10
256,西谷村委会,29,11,0,33
257,青岩傅村委会,396,40,18,403
258,大湖头村委会,637,60,22,391
259,船埠头村委会,29,10,4,37
260,石塔头村委会,50,13,3,107
261,青口村委会,808,68,29,863
262,东新屋村委会,601,68,17,887
263,龚大塘村委会,1091,88,44,1047
264,下傅村委会,938,83,41,891
265,杨村社区居民委员会,1040,96,42,973
266,诸宅村委会,627,68,29,674
267,龙回村委会,854,72,37,779
268,象山村委会,340,52,17,545
269,新村村委会,310,56,16,553
270,柯村村委会,83,26,2,170
271,江湾村委会,195,30,15,301
272,新屋村委会,601,68,26,651
273,下柳村委会,322,49,17,487
274,崇山村委会,135,27,11,219
275,后申塘村委会,683,67,29,717
276,杨梅院村委会,147,31,8,228
277,上崇山村委会,156,30,14,235
278,金村村村民委员会,1,2,0,0
279,季宅村委会,956,92,35,942
280,莲塘村委会,108,23,2,262
281,畈东村委会,839,60,33,768
282,青溪村委会,452,57,18,740
283,柳一村委会,479,51,19,620
284,柳二村委会,351,47,12,562
285,柳三村委会,66,18,3,145
286,新后傅村委会,445,58,18,739
287,下畈村委会,94,32,4,228
288,全备村委会,29,16,3,83
289,后余村委会,26,10,5,34
290,上周村委会,151,52,5,475
291,大傅宅村委会,92,29,4,243
292,上金村委会,162,29,13,258
293,鹤田村委会,13,17,1,57
294,前傅村委会,43,19,3,110
295,俊塘村委会,54,19,2,122
296,广口村委会,43,20,2,78
297,湖门村委会,219,22,20,161
298,新华村委会,17,18,1,65
299,前毛店村委会,159,43,6,447
300,后毛店村委会,114,41,5,338
301,西关田村委会,35,21,2,99
302,下余山村委会,40,20,2,76
303,七一村委会,152,35,3,358
304,枫溪村委会,77,18,4,219
305,五星村委会,13,6,2,8
306,西俞村委会,264,28,9,403
307,殿口村委会,317,51,11,548
308,益公山村委会,162,46,4,373
309,夏迹塘村委会,98,15,4,208
310,塘下郑村委会,348,50,11,618
311,夏演村委会,104,36,4,218
312,流下村委会,95,31,2,182
313,溪干村委会,84,25,1,185
314,桥头村委会,92,28,3,185
315,上杨村委会,19,6,1,28
316,流大塘村委会,116,38,2,291
317,何泮山村委会,293,51,11,543
318,龙山村村民委员会,24,7,2,33
319,深塘村委会,43,23,2,90
320,埠头村委会,136,21,2,387
321,何宅村委会,519,62,21,708
322,后义村委会,253,28,9,715
323,王店村委会,170,39,4,239
324,葛塘村委会,126,19,4,281
325,张思村委会,29,11,0,34
326,陈陀村委会,165,28,8,407
327,派塘村委会,3,1,0,0
328,华溪村委会,2,3,0,2
329,西京村委会,109,15,2,284
330,李塘村委会,50,12,4,174
331,泉塘村委会,87,15,3,183
332,大岭村委会,1,0,0,0
333,下朱宅村委会,251,29,8,691
334,石柱下村委会,96,11,3,72
335,祖科塘村委会,158,53,5,492
336,尚经村委会,184,35,7,429
337,全宅村委会,30,11,0,33
338,清塘村委会,3,3,1,4
339,九如堂村委会,425,47,16,751
340,下娄店村委会,193,25,8,468
341,东岗山村委会,318,46,13,574
342,楼西塘村委会,565,52,21,850
343,前店村委会,52,21,4,116
344,荷叶塘村委会,140,46,3,421
345,下西陶村委会,108,36,3,363
346,大田村委会,3,2,2,2
347,起鸣村委会,66,19,1,106
348,东山村委会,30,11,0,33
349,毛陈村委会,30,11,0,33
350,王新村委会,30,11,0,33
351,鲍宅村委会,81,22,5,128
352,后张村委会,82,17,4,167
353,西后畈村委会,114,34,4,217
354,西田村委会,166,30,9,430
355,前屋村委会,63,18,4,163
356,石塔一村委会,98,32,6,214
357,王莲塘村委会,95,17,6,179
358,王阡村村民委员会,95,18,5,163
359,上潘社区居民委员会,98,30,3,172
360,塘西社区居民委员会,28,5,5,32
361,红桥头村委会,89,28,3,183
362,富塘下村委会,43,23,2,89
363,荷市村委会,116,26,4,175
364,新院村委会,86,22,4,211
365,蒋宅村委会,61,22,1,117
366,马丁村委会,99,26,5,287
367,新中村委会,96,26,3,254
368,徐丰村委会,30,11,0,33
369,邢宅村委会,76,21,4,159
370,新乐村委会,200,37,14,327
371,王界村委会,197,37,14,333
372,长府村委会,111,32,6,338
373,上楼村委会,128,32,5,227
374,油碑塘村委会,92,24,4,243
375,齐山楼村委会,87,22,4,216
376,徐樟塘村委会,112,37,2,356
377,塘里蒋村委会,80,17,5,162
378,里外甘村委会,124,38,2,353
379,里宅村委会,14,6,5,10
380,高岭村委会,118,32,2,331
381,木城村委会,29,16,3,79
382,下陈村委会,259,20,4,161
383,张浒村委会,104,29,6,300
384,上西陶村委会,96,33,2,334
385,后山坞村委会,123,37,2,350
386,楼下张村委会,87,21,4,238
387,西山下村委会,106,26,2,296
388,东陶村委会,80,29,2,305
389,六都村村民委员会,93,24,4,239
390,团结村委会,38,16,3,101
391,红旗村委会,40,18,3,103
392,湖山村委会,136,38,4,151
393,大陈一村委会,31,17,3,95
394,春林村委会,37,16,3,103
395,楂林一村委会,34,16,3,96
396,李孟宅村委会,37,16,3,104
397,八里桥头村委会,43,18,7,113
398,土墩塘村委会,73,20,11,81
399,新塘村委会,163,36,14,112
400,牛鼻洞村委会,144,34,14,111
401,潘家垟村委会,416,46,24,232
402,湖上岙村委会,402,46,24,233
403,南岸社区,422,51,24,276
404,凤凰村委会,99,29,8,205
405,巨星村委会,127,42,18,132
406,潭头卢村委会,50,13,2,91
407,前垟村委会,77,25,3,68
408,前横村委会,493,85,53,441
409,东垟村委会,193,53,20,162
410,三村村委会,8,1,1,3
411,埭下村委会,23,6,1,20
412,东风社区,102,46,8,82
413,长虹社区,910,80,33,562
414,象阳居委会,418,90,33,456
415,后街社区,305,49,32,585
416,方斗岩村委会,382,74,29,511
417,后西垟村委会,427,82,33,545
418,前西垟村委会,459,89,32,578
419,吕庄村委会,448,83,29,556
420,翔金垟村委会,468,86,34,573
421,上峰村委会,437,82,31,532
422,长丰村委会,433,86,36,507
423,象山村委会,467,86,33,528
424,上池村委会,470,87,34,533
425,浃西村委会,464,86,34,497
426,浃东村委会,140,55,8,119
427,长春村委会,108,35,9,80
428,社头村委会,414,87,35,459
429,西凰屿村委会,452,89,36,471
430,东凰屿村委会,432,88,36,459
431,东仁宕村委会,461,91,32,486
432,西西村委会,10,2,1,3
433,新光村委会,162,50,16,139
434,刘宅村委会,97,19,2,172
435,张瞿村委会,205,42,18,313
436,上游村委会,307,68,28,456
437,苏岙村委会,337,80,28,485
438,苏吕村委会,48,7,2,23
439,南吕岙村委会,393,84,30,523
440,黄七甲村委会,474,84,31,565
441,上来桥村委会,474,88,32,548
442,三里村委会,6,3,0,3
443,马仁桥村委会,471,89,35,551
444,新民村委会,55,12,1,30
445,东村委会,15,5,0,5
446,西仁宕村委会,445,87,28,465
447,薛宅村委会,412,87,25,409
448,捕捞新村委会,419,81,25,400
449,尚宅村委会,9,1,1,8
450,长道坦村委会,361,76,23,346
451,前垟洞村委会,358,76,22,318
452,店后村委会,100,35,17,121
453,沙东村委会,111,33,13,265
454,前窑村委会,124,34,15,292
455,前州村委会,158,39,18,344
456,荷岙村委会,126,47,17,227
457,上五宅村委会,408,72,29,546
458,西宋村委会,46,7,2,23
459,湖东村委会,51,17,6,44
460,湖西村委会,409,69,27,506
461,智广村委会,450,81,29,572
462,杨宅村委会,65,11,9,59
463,蟾西村委会,383,61,36,290
464,蟾东村委会,66,12,6,54
465,仙垟村委会,52,11,6,21
466,柳南村委会,400,90,33,451
467,深河村委会,392,84,31,460
468,汤岙余村委会,385,86,28,497
469,汤西村委会,363,84,25,450
470,七西村委会,284,36,30,376
471,排岩头村委会,292,64,23,269
472,楼下村委会,8,5,0,3
473,上屋村委会,97,34,12,121
474,马道头村委会,97,34,12,117
475,曹田前村委会,104,33,14,116
476,曹田后村委会,114,37,16,151
477,黄华关村委会,79,32,11,95
478,黄华堡村委会,89,32,11,99
479,黄华村委会,93,30,12,101
480,朝阳东村委会,25,8,6,38
481,上岩村委会,95,34,13,110
482,七里村委会,118,34,14,148
483,白塔王社区,447,89,27,528
484,白鹭屿村委会,183,46,14,244
485,沈岙村委会,211,53,17,280
486,三房村委会,456,85,28,504
487,万茗村委会,369,66,20,433
488,车岙村委会,314,58,18,367
489,水塔头村委会,357,64,19,437
490,前岸村委会,35,8,2,47
491,前程村委会,445,84,25,496
492,大港村委会,456,89,26,518
493,中西漳村委会,434,83,27,516
494,后西漳村委会,430,82,24,515
495,塘下村委会,494,89,52,446
496,马路角村委会,433,79,23,527
497,南才头村委会,439,85,28,536
498,三重炉村委会,435,84,28,484
499,水潭村委会,451,83,29,484
500,王家店村委会,455,84,26,511
501,金炉村委会,444,81,28,549
502,南塘村委会,34,10,8,28
503,寺前村委会,356,87,26,378
504,宝洪村村民委员会,33,4,1,46
505,海龙村村民委员会,66,13,2,96
506,樱桃沟社区居民管理委员会,51,13,1,47
507,黄龙岗社区居民管理委员会,59,15,0,48
508,东溪村委会,289,29,5,152
509,楂林村委会,150,20,7,113
510,河上村委会,74,19,0,87
511,巧云村委会,77,19,0,81
512,七一村村委会,5,1,0,10
513,河南村村民委员会,11,0,2,13
514,东南村委会,14,4,0,17
515,岩滩村委会,15,4,0,4
516,椿树村委会,6,1,2,4
517,上坪村委会,15,6,0,4
518,新明村委会,175,15,6,130
519,大夫田村委会,114,12,1,126
520,新开村委会,132,15,13,545
521,飞鹅村委会,35,1,6,70
522,胪厦村委会,382,54,18,499
523,江边村委会,830,62,41,576
524,叶厦村委会,843,62,41,573
525,北园村委会,853,62,41,589
526,浦口村委会,547,55,32,450
527,高湖村委会,905,108,53,739
528,大路村委会,68,13,1,34
529,坎头村委会,51,5,1,37
530,黄梁陈村委会,61,8,2,63
531,西垟村委会,36,7,2,42
532,湖其园村委会,34,6,2,51
533,下张村委会,141,23,3,115
534,杏村委会,30,6,1,22
535,杨砩头村委会,32,6,1,24
536,麟山村委会,94,16,0,101
537,辉煌村委会,89,10,2,120
538,和平村委会,147,19,5,277
539,斗北村委会,85,10,2,117
540,海安村委会,90,9,2,121
541,坝下社区居委会,95,16,0,100
542,紫泽社区居委会,89,16,0,100
543,泉山社区居委会,134,16,5,114
544,龙腾社区居委会,93,15,0,95
545,紫洋社区居委会,98,17,0,106
546,溪尾社区居委会,66,6,4,42
547,南溪村委会,8,1,1,2
548,后堡村委会,79,14,0,80
549,仙水村委会,78,14,0,81
550,洋坂村委会,17,1,0,9
551,霞溪村委会,23,0,0,18
552,霞苑村委会,329,52,12,381
553,昌山村委会,56,6,5,37
554,垅溪村委会,59,3,2,93
555,山岑村委会,28,0,2,50
556,蒲山村委会,17,1,0,9
557,乌石村委会,22,0,0,18
558,钟峰村委会,22,0,0,20
559,红旗村委会,24,2,2,20
560,林内村委会,17,1,0,8
561,金建村委会,11,1,2,9
562,金沙村委会,104,14,4,193
563,古井街道居委会,17,4,6,23
564,古井村委会,13,6,0,17
565,金元村村委会,22,4,0,41
566,袁庄村委会,8,2,0,14
567,胡家村村委会,36,11,0,47
568,寇村村委会,282,41,11,241
569,北张村村委会,9,1,0,0
570,蔡村大街村委会,60,14,4,68
571,田口村委会,24,5,0,30
572,南芦张村委会,28,4,0,24
573,北马庄村委会,12,1,0,13
574,西于村村委会,10,1,0,23
575,西八方村委会,24,5,0,30
576,穆家口村委会,34,3,0,29
577,边家庄村委会,18,1,0,10
578,东黄庄村委会,32,3,0,26
579,南张村村委会,42,3,0,14
580,郑家庄村委会,22,1,1,20
581,王村村委会,13,0,0,9
582,环水村村委会,28,1,0,19
583,马家庄村委会,7,0,0,0
584,东甄庄村委会,19,1,0,14
585,西甄庄村委会,3,0,0,1
586,烟涧村村民委员会,22,4,1,26
587,黄箭山村委会,139,22,1,147
588,姜家渡村委会,210,33,7,194
589,竹山村委会,396,50,27,233
590,明伟村委会,321,45,17,239
591,苏家园村委会,73,16,4,120
592,五星村委会,11,7,0,4
593,永丰村委会,172,29,8,175
594,谭家岭村村委会,433,54,23,286
595,丰杨河村委会,347,44,25,211
596,康山村委会,311,48,25,275
597,丰南村委会,468,57,28,252
598,北郊村委会,385,52,32,266
599,方桥村委会,14,7,7,20
600,历山村委会,257,52,21,243
601,黄湖村委会,279,55,23,191
602,芦城村委会,172,44,11,229
603,低塘村委会,146,41,11,209
604,汤家闸村委会,95,27,7,124
605,镆剑山村委会,51,19,3,70
606,郑巷村委会,55,19,3,69
607,西郑巷村委会,55,22,4,89
608,新南王村委会,62,23,5,70
609,赵家村委会,136,23,31,173
610,新新村委会,10,2,0,13
611,干家路村委会,67,28,2,130
612,西墟村委会,65,21,4,70
613,湖堤村委会,102,26,6,119
614,朗海村委会,22,14,3,53
615,小路下村委会,42,19,3,81
616,谢家路村委会,49,17,4,79
617,夹塘村委会,52,22,4,90
618,万圣村委会,9,5,0,2
619,镇南村委会,9,5,0,2
620,斗门村委会,135,24,8,123
621,长泠江村委会,38,18,0,66
622,魏家村委会,33,15,5,45
623,新东吴村委会,34,16,4,48
624,渔溪村委会,44,17,1,63
625,寺前王村委会,33,14,0,63
626,罗江村委会,17,10,0,29
627,五马村委会,69,25,5,83
628,江南村委会,54,21,17,53
629,方桥村委会,263,31,23,412
630,永西村委会,291,36,16,421
631,三角村委会,153,30,8,124
632,永和村委会,210,28,13,432
633,朝阳村委会,368,55,22,520
634,五星村委会,566,39,16,302
635,和睦桥村委会,317,33,25,433
636,良熟村委会,337,33,27,321
637,葛家车村委会,295,39,18,480
638,费庄村委会,72,33,6,149
639,戚家桥村委会,74,33,6,141
640,螺蛳桥村委会,45,27,6,105
641,兴旺村委会,47,28,6,106
642,博陆村委会,36,24,7,62
643,东新村委会,38,24,7,64
644,向阳村委会,40,24,7,64
645,大安村委会,39,24,7,60
646,鸭兰村委会,37,24,7,64
647,北庄村委会,37,24,7,59
648,陆家桥村委会,37,24,7,62
649,三家村委会,40,24,7,63
650,沿山村委会,39,24,7,68
651,四维村委会,38,24,7,63
652,龙旋村委会,37,24,7,66
653,九龙村委会,40,24,7,66
654,栅庄桥村委会,38,24,7,62
655,云会村委会,38,24,7,63
656,双陈村委会,40,24,7,69
657,良渚村委会,37,24,7,65
658,荀山村委会,37,24,7,65
659,石桥村委会,38,24,7,64
660,七贤桥村委会,41,24,7,62
661,安溪村委会,40,24,7,62
662,运河村委会,38,24,7,65
663,小洋坝村委会,38,24,7,67
664,行宫塘村委会,38,24,7,64
665,勾庄村委会,38,24,7,64
666,西塘河村委会,38,24,7,63
667,南庄兜村委会,39,24,7,62
668,大陆村委会,37,24,7,63
669,港南村委会,38,24,7,67
670,万景村委会,37,24,7,65
671,高桥村委会,228,18,3,138
672,高桥村委会,222,18,3,138
673,连具塘村委会,38,12,2,35
674,吴山前村委会,42,13,0,40
675,永乐村委会,22,20,4,39
676,义桥村委会,68,14,4,59
677,仙宅村委会,68,14,4,58
678,金星村委会,68,14,4,59
679,南湖村委会,67,14,4,59
680,紫荆村委会,19,6,2,14
681,新泰村委会,57,14,2,72
682,朱家角社区,58,14,2,74
683,莫家桥村委会,8,7,0,2
684,李家桥村委会,8,7,0,2
685,柴家坞村委会,52,13,2,47
686,超山村委会,91,22,7,83
687,泰山村委会,52,17,6,143
688,超丁村委会,85,19,6,107
689,三星村委会,88,19,6,112
690,长乐村委会,44,16,8,121
691,长命村委会,72,21,5,91
692,凤都村委会,10,4,1,9
693,彭公村委会,10,4,1,9
694,花园村委会,133,24,69,134
695,良塘村委会,141,23,74,133
696,马屯村村民委员会,150,23,74,135
697,东正村委会,7,0,2,7
698,花园村委会,7,0,2,7
699,八里屯村委会,0,1,0,0
700,庙上村委会,20,3,0,14
701,城后村委会,8,5,0,55
702,马埠岭村委会,116,18,1,222
703,前洞门村委会,401,54,9,215
704,后洞门河东村委会,510,71,3,557
705,响河屯村委会,502,71,3,557
706,南沙埠庄村委会,503,71,3,556
707,颜家红埠寺村委会,169,24,1,269
708,福源社区村民委员会,495,70,4,567
709,白沙埠社区村民委员会,804,112,4,796
710,大姜庄村委会,29,5,1,48
711,花园社区村民委员会,116,16,3,83
712,堰东村委会,19,4,2,10
713,南孙庄村委会,25,9,2,25
714,刘埠口村委会,24,9,2,24
715,孙营西村委会,25,9,2,24
716,大力集村委会,14,4,0,16
717,杨桥村委会,3,0,0,1
718,黎村村委会,3,0,0,1
719,戴家村委会,57,14,3,73
720,中迎村委会,57,14,3,71
721,南朱村委会,56,14,3,72
722,东陈村委会,55,18,3,70
723,双沐村委会,67,12,2,103
724,史堡村委会,52,9,0,75
725,雁伦村委会,56,14,3,72
726,北姜村委会,58,9,2,73
727,陈祁村委会,76,13,3,104
728,顾庄村委会,31,7,1,38
729,帅垛村委会,57,10,0,83
730,张万村委会,63,11,0,100
731,赵家村委会,29,22,0,54
732,董北村委会,70,12,2,99
733,蒋庄村委会,12,8,0,26
734,欧家村委会,15,3,2,26
735,刘纪村委会,8,6,0,28
736,五星村委会,16,8,0,41
737,唐刘村委会,7,1,0,9
738,姚富村委会,334,58,17,192
739,钓鱼台村民委员会,214,32,9,155
740,西关村民委员会,195,36,3,246
741,杨孔五村委会,135,34,6,127
742,殷庄村委会,59,8,0,28
743,西沙村村委会,52,15,2,58
744,岳良村村委会,135,34,10,128
745,前店杨村村委会,143,34,11,141
746,块村营村委会,19,6,12,63
747,曼贺村民委员会,19,6,12,60
748,曼尾村民委员会,73,16,5,151
749,算山村委会,78,16,5,151
750,红联村委会,250,69,25,197
751,湖塘村委会,135,32,9,164
752,山前村委会,332,42,22,199
753,新城村委会,36,0,2,18
754,南仓村委会,34,0,2,17
755,柴楼村委会,35,0,2,18
756,岔房子村委会,36,0,2,18
757,韩家墅村委会,30,11,4,86
758,刘安庄村委会,176,45,12,202
759,东关社区居民委员会,173,45,12,200
760,单六社区居民委员会,170,45,12,207
761,四里埠社区居民委员会,172,45,12,200
762,北关村民委员会,173,45,12,203
763,刘海社区居民委员会,142,44,5,168
764,郭黄庄村民委员会,243,43,8,132
765,权楼村民委员会,6,5,0,7
766,西郊村民委员会,329,79,15,302
767,张知楼社区居民委员会,299,72,15,245
768,单庄村民委员会,341,86,16,294
769,南王庄村民委员会,178,58,14,200
770,五里井村民委员会,158,40,12,124
771,孙溜社区居民委会,341,84,17,314
772,段楼村民委员会,26,6,0,25
773,单集村民委员会,342,86,16,301
774,代庙村民委员会,34,18,1,32
775,贺庄村民委员会,71,10,0,97
776,三街村民委员会,355,63,3,227
777,大赵庄村民委员会,17,6,0,14
778,前花园村民委员会,8,1,0,5
779,董庄村民委员会,302,80,12,298
780,高韦庄村民委员会,18,8,0,11
781,徐寨村民委员会,7,5,0,13
782,坝头寺村民委员会,8,5,0,6
783,孟店村民委员会,30,7,0,41
784,孟楼村民委员会,16,6,0,28
785,李楼村民委员会,170,44,1,131
786,三里庄村民委员会,22,6,0,24
787,田庙村民委员会,10,4,0,4
788,南王楼村民委员会,16,5,0,31
789,北关村委会,147,36,9,86
790,田庄村委会,32,1,0,14
791,东贾郭村委会,68,6,1,48
792,骆坪村委会,6,0,0,6
793,秋水园村委会,96,19,6,86
794,脊江村委会,6,0,0,6
795,镇山村委会,79,24,1,134
796,莲塘村委会,343,41,15,421
797,露江村委会,224,46,20,185
798,梅亭社区居委会,267,55,23,261
799,松岭村委会,181,36,14,355
800,玉叶村委会,104,25,15,142
801,省身村委会,33,5,1,49
802,新厅村委会,52,19,1,58
803,南金村委会,31,3,1,36
804,园内村委会,50,6,2,72
805,檀林村委会,655,105,31,836
806,仑苍村委会,72,16,0,115
807,园美村委会,70,16,1,117
808,霞溪村委会,46,6,0,62
809,新峰村委会,468,71,21,543
810,炉山村委会,52,13,6,71
811,炉中村委会,18,4,1,9
812,罗溪村委会,25,8,1,16
813,霞山村委会,39,7,1,41
814,鼎诚村委会,118,17,2,105
815,丰溪村委会,85,13,2,88
816,竞丰村委会,87,13,2,91
817,西林村委会,85,16,2,88
818,谯琉村委会,93,20,1,77
819,扬美村委会,213,53,23,240
820,厝斗村委会,99,18,3,89
821,福林村委会,114,39,21,209
822,都心村委会,52,13,6,75
823,跃进村委会,303,76,23,527
824,康美村委会,223,53,23,243
825,青山村委会,43,6,1,54
826,梅元村委会,148,18,13,150
827,福铁村委会,78,34,7,175
828,园内村委会,49,6,2,75
829,赤岭村委会,50,20,1,50
830,兰田村委会,18,1,4,8
831,丰州村委会,231,47,19,346
832,桃源村委会,166,35,13,279
833,后田村委会,79,13,2,84
834,素雅村委会,40,8,1,50
835,溪丰村委会,86,13,2,92
836,玉湖村委会,57,2,0,51
837,霞美村委会,75,11,1,58
838,温山村委会,18,6,2,9
839,四黄村委会,190,46,7,342
840,邱钟村委会,181,36,14,367
841,埔当村委会,67,15,5,61
842,长福村委会,177,38,6,242
843,杏埔村委会,109,36,9,149
844,仙河村委会,81,15,2,96
845,下房村委会,135,22,2,227
846,菊江村委会,35,6,3,43
847,垂杨村委会,16,0,0,1
848,宋都水村委会,34,3,0,18
849,田家集村委会,33,2,0,11
850,郝尚营村委会,32,2,0,11
851,赵家营村委会,30,2,0,12
852,路家庄村委会,2,0,0,2
853,后索泸村委会,19,1,0,2
854,前索泸村委会,20,1,0,2
855,南慈达村委会,37,2,0,13
856,南王庄村委会,17,12,0,15
857,巩家洼村委会,25,1,0,14
858,崔村村委会,19,2,0,10
859,营里村委会,24,2,0,20
860,范家寨村委会,33,2,0,14
861,尧村村委会,16,0,0,3
862,段一村委会,31,2,0,8
863,段二村委会,30,2,0,8
864,段三村委会,24,2,0,21
865,段四村委会,31,2,0,9
866,西康庄村委会,246,58,6,135
867,鲁义寨村委会,33,2,0,10
868,南张庄村委会,23,1,0,1
869,王家庄村委会,15,1,0,8
870,和生店村委会,34,2,0,9
871,后和生村委会,34,2,0,8
872,李和生村委会,30,2,0,9
873,徐马寨村委会,21,0,0,4
874,青杨寨村委会,37,2,0,8
875,马河涯村委会,13,0,0,4
876,陶家屯村委会,23,0,0,8
877,董家庙村委会,15,1,0,3
878,西王排村委会,19,3,3,17
879,万户庄村委会,29,5,3,26
880,董家村村委会,35,5,0,32
881,东紫冢村委会,24,2,0,10
882,后高庄村委会,27,2,0,11
883,北七里口村委会,24,2,0,22
884,南六方村委会,24,2,0,22
885,王义寨村委会,12,0,0,7
886,西底阁村委会,24,2,0,8
887,贾家屯村委会,27,2,0,8
888,南七里口村委会,26,2,0,11
889,赵都水村村委会,26,2,0,11
890,西王门庄村委会,24,2,0,8
891,东王门庄村委会,24,2,0,8
892,杨家头村委会,34,2,0,15
893,红庙狼冢村委会,36,2,0,15
894,茶园村村民委员会,3,1,0,2
895,叶坑村委会,342,50,10,230
896,坪塘村委会,106,22,0,155
897,文峰村委会,1,0,0,0
898,坨圳村委会,431,60,12,302
899,大岭村委会,18,5,1,17
900,龙岭村委会,116,21,1,112
901,秀峰村委会,145,25,5,162
902,向阳村委会,3,0,0,1
903,连城村委会,51,12,0,71
904,瑶湖村委会,94,10,18,89
905,东湾村民委员会,247,10,19,225
906,万洲村民委员会,64,7,13,80
907,细沥村民委员会,60,6,11,81
908,小乌村民委员会,67,9,8,73
909,大简村民委员会,87,14,10,112
910,大同村民委员会,44,2,0,86
911,人民村民委员会,67,12,6,58
912,东迁村委会,113,30,12,176
913,江蒋漾村委会,122,32,13,170
914,丁家港村委会,115,31,7,189
915,南林村委会,134,34,14,172
916,三长村委会,26,18,4,35
917,潘家庄村委会,81,14,6,137
918,新兴港村委会,35,12,2,84
919,重兆社区居委会,13,11,1,38
920,李市村委会,14,14,2,35
921,长超村委会,13,15,2,29
922,重兆村委会,16,12,1,37
923,石江社区居委会,76,13,15,188
924,北村社区居委会,107,15,25,307
925,烟南村委会,36,9,3,122
926,镇南村委会,117,14,10,200
927,南金村委会,188,14,17,369
928,上金瓯社区居委会,43,13,0,85
929,大同社区居委会,56,10,12,185
930,儒溪村委会,35,6,13,88
931,百东村委会,111,14,8,175
932,新田村委会,174,24,17,245
933,罗行社区居委会,63,8,11,155
934,东联社区居委会,104,10,14,269
935,西联社区居委会,102,9,13,259
936,下滘村委会,38,6,10,139
937,华涌社区居委会,108,11,8,143
938,罗村社区居委会,311,31,30,578
939,狮北村委会,30,5,8,125
940,新境村委会,108,10,18,257
941,显子岗村委会,53,8,13,285
942,龙头村委会,137,15,19,437
943,沙水村委会,104,10,22,408
944,石泉村委会,117,15,26,390
945,黄岐社区居委会,917,92,84,1419
946,草场社区居委会,366,46,44,867
947,河村社区居委会,249,20,36,553
948,洲村社区居委会,468,47,54,1050
949,流潮社区居委会,258,25,38,641
950,白岗社区居委会,59,7,21,260
951,得胜村委会,89,9,32,385
952,宏岗村委会,50,9,22,264
953,麻奢村委会,125,17,37,360
954,布新村委会,78,12,27,330
955,岗联村委会,90,9,19,321
956,北沙村委会,124,17,29,402
957,鹤峰村委会,104,15,28,291
958,建星村委会,33,4,11,88
959,金星村村委会,206,38,11,156
960,民丰村委会,29,11,4,90
961,建国村委会,35,11,6,63
962,花园村委会,91,20,6,224
963,魏营村民委员会,7,2,0,2
964,溪边村委会,118,11,8,150
965,岩前村委会,128,25,6,91
966,鸿坪村委会,132,25,6,102
967,安后村委会,127,25,6,97
968,顾家村委会,82,29,4,59
969,王圈村委会,27,11,12,20
970,傅桥村委会,28,11,12,20
971,孟桥村委会,19,6,2,22
972,南陈家村委会,7,4,0,4
973,湾头村委会,30,16,6,22
974,东风村委会,20,6,2,23
975,院庄村委会,19,6,2,23
976,安柴村委会,36,23,0,48
977,东鲁村委会,32,11,0,46
978,杭屯村委会,29,11,0,23
979,张家村委会,5,2,0,3
980,东赵冯村委会,25,11,0,29
981,西赵冯村委会,25,11,0,27
982,老官村委会,44,14,0,52
983,大程村委会,17,9,0,23
984,王海一村村委会,17,9,0,23
985,王海二村村委会,12,9,0,24
986,王海三村村委会,11,9,0,23
987,王桥村委会,19,8,0,18
988,初桥村委会,36,14,0,62
989,义和村委会,31,13,0,65
990,城外李村委会,32,13,0,67
991,李韩村委会,31,14,0,71
992,付元村委会,19,6,2,22
993,南吴村委会,8,0,0,11
994,赵马村委会,16,11,0,25
995,赵赵村委会,11,2,1,19
996,官厂村委会,15,9,0,30
997,柳白村委会,20,6,2,22
998,柳舒村委会,37,23,0,41
999,姜韩村委会,20,6,2,23
1000,寨郝村委会,30,13,0,30
1001,伊家楼村委会,324,66,25,245
1002,东域城村委会,256,58,9,222
1003,西域城村委会,303,65,11,234
1004,三杨村委会,22,7,0,33
1005,东城村委会,53,10,2,46
1006,深沥村民委员会,131,8,3,301
1007,阵村村民委员会,155,10,4,357
1008,上南村民委员会,149,12,3,421
1009,刘屋村民委员会,146,12,6,437
1010,高头村民委员会,159,14,5,394
1011,李屋村民委员会,172,15,5,421
1012,寮仔村民委员会,45,2,2,99
1013,湖山村民委员会,318,25,15,694
1014,中岗村民委员会,146,9,11,390
1015,鸾岗村民委员会,95,2,5,219
1016,铁场村民委员会,68,2,3,184
1017,达士营村民委员会,78,14,5,43
1018,白塔村民委员会,158,30,8,84
1019,八里营村民委员会,740,110,14,340
1020,李村村民委员会,260,32,9,154
1021,段先屯村民委员会,63,14,0,60
1022,张武店村民委员会,42,7,5,31
1023,堡上村民委员会,29,2,2,15
1024,北龙湾村委会,655,113,13,366
1025,小李村村委会,455,87,6,339
1026,八里一村委会,820,126,17,403
1027,魏家村村委会,41,4,1,42
1028,陈家河村委会,495,80,15,292
1029,营东村委会,235,43,2,223
1030,营西村委会,224,34,1,176
1031,下疃村委会,40,8,1,74
1032,女儿村村委会,21,4,1,33
1033,七级东南村委会,18,6,0,45
1034,大欧戈庄村民委员会,30,5,3,53
1035,二里村村委会,781,120,17,409
1036,古城村村委会,12,2,1,24
1037,田庄村民委员会,16,10,0,13
1038,西寨村村民委员会,13,1,0,6
1039,东寨村村民委员会,359,45,10,156
1040,后堤村村民委员会,22,3,0,14
1041,东庄村村民委员会,9,8,0,13
1042,桑寨村村民委员会,17,7,0,5
1043,新建村村民委员会,194,31,6,101
1044,西山村委会,183,31,6,108
1045,前山村委会,134,15,10,69
1046,莲桥村委会,124,15,10,70
1047,后洪庙村委会,8,1,0,5
1048,红土坎村委会,73,6,7,128
1049,瑶头村委会,333,31,14,635
1050,西浦村委会,304,24,12,565
1051,美星村委会,197,8,6,272
1052,布塘村委会,203,14,17,111
1053,东郊村委会,221,56,21,131
1054,吕北村委会,26,13,1,27
1055,秦潭村委会,14,5,2,27
1056,西宁村委会,28,11,0,43
1057,天汾镇村委会,31,19,2,54
1058,澄湖村委会,76,14,6,97
1059,天平村委会,523,39,20,443
1060,马舍村委会,56,12,5,105
1061,莫厘村委会,27,5,4,29
1062,渡口村委会,30,6,4,33
1063,湖桥村委会,58,17,5,110
1064,浦庄村委会,55,14,2,115
1065,太湖居委会,9,7,0,9
1066,大港村委会,56,12,3,130
1067,凌家汇村委会,62,15,2,134
1068,河西村委会,122,14,6,213
1069,秦家港村委会,151,13,7,247
1070,大河村委会,4,5,3,10
1071,西山村委会,83,15,6,102
1072,前村村委会,30,11,0,54
1073,移沿山村委会,69,11,6,105
1074,上强村委会,12,7,1,27
1075,青山村委会,9,4,0,16
1076,四都村委会,21,10,2,43
1077,叶家港村委会,35,11,1,88
1078,沧州村委会,30,11,2,66
1079,圣牛村委会,32,11,1,80
1080,双湾村委会,36,13,2,94
1081,大家港村委会,36,13,2,94
1082,厍港村委会,42,16,1,82
1083,中鲈村委会,49,14,8,52
1084,荷花村委会,192,27,15,179
1085,坛丘村委会,205,27,13,201
1086,双熟村委会,132,25,11,173
1087,兴华村委会,102,23,12,121
1088,大船港村委会,91,24,6,114
1089,龙降桥村委会,39,20,4,73
1090,高新村委会,89,18,10,90
1091,华莺村委会,25,13,3,62
1092,渭泉村委会,25,4,1,10
1093,柏墩村委会,7,5,1,8
1094,袁窦村委会,54,11,0,41
1095,国庆村委会,270,43,20,383
1096,虹桥村委会,22,17,8,105
1097,大舜村委会,22,10,1,53
1098,丁栅社区,14,10,1,46
1099,杨庙社区,10,6,2,54
1100,塔桥村村委会,31,15,7,103
1101,金庄村委会,205,28,5,151
1102,东街村村委会,395,32,5,162
1103,张家场村委会,355,30,5,160
1104,康家务村委会,17,7,0,19
1105,大石村村民委员会,1202,136,26,670
1106,品清村委会,219,19,10,235
1107,木兰村委会,390,36,10,660
1108,霞皋村委会,144,6,6,215
1109,埔柳村委会,46,2,4,21
1110,西沙村委会,57,5,4,115
1111,濑溪村委会,60,3,2,98
1112,兴沙村委会,53,3,0,90
1113,西许村委会,50,3,1,44
1114,云峰村委会,52,4,2,93
1115,后塘村委会,53,3,4,53
1116,湖头村委会,49,6,1,62
1117,张边村委会,45,11,1,75
1118,太湖村委会,41,3,0,41
1119,东沙村委会,124,22,6,145
1120,大埔村委会,69,5,3,106
1121,利角村委会,17,1,0,8
1122,东朱村委会,46,11,1,77
1123,庆丰村委会,392,31,26,294
1124,长岗村委会,114,5,5,324
1125,岗丰村委会,191,5,15,227
1126,翟洞村委会,112,12,3,220
1127,简村村委会,142,9,12,241
1128,三联村委会,359,28,25,243
1129,郭村村委会,16,3,5,34
1130,久裕村委会,305,18,10,771
1131,东洲村委会,300,22,17,736
1132,白江村委会,42,2,4,76
1133,坭紫村委会,345,18,15,829
1134,白石村委会,18,2,2,45
1135,上邵村委会,156,9,16,283
1136,瑶田村委会,387,14,19,689
1137,新何村委会,408,18,21,951
1138,甘涌村委会,417,20,15,931
1139,麻车村委会,49,2,3,62
1140,沙头村委会,73,4,8,122
1141,郭庄村委会,209,30,6,168
1142,牛集村委会,13,2,0,21
1143,何营村委会,168,42,0,184
1144,王营村委会,9,3,0,13
1145,新华村民委员会,3,1,0,0
1146,枣林村村委会,83,7,6,87
1147,新立村村委会,147,15,12,99
1148,桑马房村村委会,36,8,6,61
1149,北臧村村委会,59,9,3,86
1150,西大营村村委会,23,7,5,57
1151,前苑上村村委会,22,8,9,50
1152,留民营村村委会,29,12,7,56
1153,董家务村委会,18,4,0,23
1154,大广安村委会,19,2,0,8
1155,李庄子村委会,9,8,1,31
1156,郭王只堡村委会,18,3,0,9
1157,北魏村委会,12,4,0,7
1158,牛庄村委会,11,3,0,5
1159,南门村委会,46,7,16,69
1160,福塘村委会,113,32,5,51
1161,横潭坎村委会,223,23,15,139
1162,坑边村委会,232,26,15,132
1163,八都村委会,226,26,16,129
1164,西演茅村委会,270,25,19,161
1165,莪园村委会,241,23,17,142
1166,石板路村委会,188,43,10,145
1167,澄村委会,13,2,0,17
1168,溪东村委会,9,2,0,3
1169,上宅村委会,29,12,0,16
1170,左溪村委会,8,0,0,7
1171,小溪坑村委会,2,1,0,0
1172,下秧田村委会,60,12,2,29
1173,上庞村委会,65,10,2,31
1174,下王村委会,63,6,5,45
1175,后村村委会,24,8,0,19
1176,坦头村委会,6,2,0,1
1177,黄务洋村委会,24,4,0,9
1178,鱼山村委会,30,6,0,18
1179,湖岸村委会,142,23,3,114
1180,溪南村委会,235,49,12,163
1181,五百村委会,36,8,0,22
1182,大余村委会,5,3,0,1
1183,东陈村委会,407,87,26,434
1184,西陈村委会,0,0,0,0
1185,岸塘村委会,237,44,61,224
1186,前洋奚村委会,172,57,57,322
1187,六另村委会,143,23,3,113
1188,榧树村委会,139,23,3,114
1189,下陈岙村委会,23,6,0,7
1190,严畈村委会,37,8,0,21
1191,瓶窑村委会,47,5,2,24
1192,下李村委会,62,24,2,45
1193,市山村委会,57,9,3,83
1194,西山村委会,5,1,3,0
1195,岩下桥村委会,37,8,0,21
1196,八一村委会,36,7,0,23
1197,牌门陈村委会,26,4,0,14
1198,长崔村委会,144,23,3,116
1199,东横上宅村委会,29,12,0,16
1200,东横下宅村委会,87,7,5,45
1201,大黄徐村委会,37,6,0,20
1202,黄务村委会,32,5,0,22
1203,洋头村委会,183,27,11,147
1204,下坊村委会,144,23,3,115
1205,下宅张村委会,22,5,0,6
1206,亭头村委会,23,5,0,7
1207,朗树前村委会,25,6,0,16
1208,灵一村委会,18,4,0,19
1209,联合村委会,18,4,0,20
1210,山头洋村委会,40,8,0,26
1211,岩店村委会,16,3,0,14
1212,大横金村委会,36,5,0,21
1213,大横村委会,24,5,0,22
1214,塘上村委会,17,4,1,25
1215,上山村委会,107,55,12,275
1216,大一村委会,71,26,4,79
1217,大二村委会,163,58,60,307
1218,大三村委会,35,7,0,34
1219,市集村委会,30,6,0,27
1220,项家村委会,33,6,0,27
1221,湖塘村委会,33,9,0,13
1222,希董村委会,139,23,3,114
1223,董墅村村委会,58,13,11,108
1224,三皇庙村村委会,58,16,10,118
1225,大吴村委会,36,10,0,31
1226,大庄村委会,12,4,1,10
1227,新民村委会,9,5,0,51
1228,联盟村委会,1,0,1,0
1229,庆祝村委会,8,6,0,51
1230,白马村委会,17,7,0,71
1231,利泰社区居委会,46,14,3,83
1232,直塘社区居委会,36,15,1,66
1233,岳王社区居委会,15,10,7,41
1234,洪泾村委会,44,14,3,85
1235,半泾村委会,43,13,3,82
1236,胜利村委会,39,11,3,76
1237,新塘村委会,106,13,20,169
1238,牌楼社区居委会,12,7,7,42
1239,和平花园社区居委会,22,6,13,33
1240,雅鹿村委会,10,13,1,31
1241,新湖村委会,52,14,6,87
1242,新卫村委会,216,35,10,186
1243,陆渡村委会,73,22,4,116
1244,大张村委会,7,2,0,10
1245,陈桥村村委会,296,39,25,231
1246,路口村村委会,50,23,6,105
1247,北门村村委会,279,39,25,224
1248,塘外村村委会,59,25,6,98
1249,洪庙村村委会,74,25,4,108
1250,红旗村村委会,137,20,12,184
1251,冯家村村委会,16,16,2,45
1252,戴家村村委会,37,19,3,61
1253,二桥村村委会,9,13,3,40
1254,蔡家桥村村委会,9,11,3,37
1255,东新市村村委会,10,8,2,36
1256,北宋村村委会,198,33,8,260
1257,姚家村村委会,22,22,7,83
1258,岳和村村委会,30,19,7,83
1259,北唐村村委会,23,17,7,83
1260,工农村村委会,205,26,15,220
1261,解放村村委会,28,17,6,109
1262,银河村委会,16,8,1,34
1263,双虹桥村委会,15,6,0,24
1264,中天村委会,74,6,2,159
1265,赵牛村村委会,13,2,0,10
1266,沙溪村委会,3,4,0,0
1267,高村村委会,44,23,3,86
1268,虹路村委会,29,16,3,81
1269,苏孟村委会,9,8,0,9
1270,江家村委会,0,0,1,0
1271,上作村村民委员会,252,38,6,115
1272,四联村村民委员会,30,9,0,25
1273,长店村村民委员会,32,9,0,27
1274,桑坡村村民委员会,45,5,0,29
1275,平乐社区居民委员会,38,5,1,26
1276,东山头村村民委员会,56,8,1,52
1277,南石山村村民委员会,24,2,2,14
1278,石门村村民委员会,7,2,0,2
1279,东地村村民委员会,17,1,0,5
1280,二道河村委会,14,6,0,10
1281,杨家庄村委会,202,51,6,126
1282,王家场村委会,148,37,1,111
1283,东南汪村委会,211,50,3,171
1284,河渠村委会,19,1,0,7
1285,油房村委会,20,6,0,8
1286,前浊南村委会,41,2,0,21
1287,后浊南村委会,41,2,0,25
1288,大召村委会,99,17,2,51
1289,北陈村委会,29,2,0,10
1290,李家营村委会,31,1,0,14
1291,大祁村委会,287,40,4,141
1292,田庄村委会,9,5,1,5
1293,清明寺村委会,5,2,0,15
1294,双碓村委会,13,6,1,17
1295,小房村委会,67,17,2,39
1296,石家岙村委会,87,38,2,130
1297,集义村委会,14,7,1,30
1298,樟树村委会,161,56,8,192
1299,滨海村委会,11,6,0,18
1300,望海村委会,41,20,3,85
1301,吉庆桥村委会,219,27,8,251
1302,南北庄村委会,7,3,1,16
1303,义士塔村委会,91,14,8,95
1304,荷花塘村委会,66,9,5,107
1305,银湾村委会,21,8,4,77
1306,赵家上村委会,18,7,3,39
1307,鹤鹿溪村委会,16,9,0,61
1308,康山村委会,14,6,0,24
1309,万亩村委会,277,39,8,295
1310,双河村委会,220,28,7,267
1311,三官村委会,26,6,3,57
1312,安城村委会,13,7,3,20
1313,碧门村委会,12,3,1,22
1314,灵峰村委会,114,21,3,139
1315,孝源村委会,20,5,0,30
1316,松坑村委会,8,3,0,13
1317,吴村村委会,3,2,0,10
1318,姚村村委会,3,2,0,3
1319,杭垓村委会,8,4,0,13
1320,新上塘村委会,8,5,0,11
1321,潴口溪村委会,30,9,5,52
1322,狮古桥村委会,33,12,4,54
1323,新村村委会,7,0,0,6
1324,下汤村委会,5,6,3,18
1325,统里村委会,4,7,0,14
1326,白水湾村委会,7,4,1,20
1327,晓墅社区居委会,25,16,2,29
1328,刘家塘村委会,31,12,3,55
1329,北大街村村委会,223,51,6,145
1330,南大街村村委会,11,1,0,11
1331,路景村村委会,16,0,0,11
1332,南阳村村委会,14,2,0,23
1333,长白村委会,0,0,0,2
1334,南关村委会,251,46,9,172
1335,西王庄村委会,240,48,8,163
1336,新政村委会,219,43,5,132
1337,南大良村委会,231,47,7,159
1338,北张沃村委会,254,47,8,178
1339,李各庄村委会,81,15,5,69
1340,王各庄村委会,240,46,6,159
1341,南苏村委会,21,4,0,22
1342,台城村委会,72,15,4,70
1343,大张庄村委会,109,19,4,107
1344,北六村委会,13,1,3,22
1345,北龙化村委会,16,1,0,10
1346,南龙化村委会,15,1,0,10
1347,西龙化村委会,16,1,0,10
1348,孟仲峰村委会,16,2,0,12
1349,北响口村委会,10,6,0,11
1350,美法村委会,364,86,23,327
1351,吾都村委会,312,75,22,285
1352,上山村委会,350,83,25,318
1353,鹤厅村委会,18,1,1,9
1354,温泉村委会,51,11,1,66
1355,鹤前村委会,111,33,6,171
1356,莲兜美村委会,42,20,2,55
1357,碧一村委会,70,17,0,88
1358,恒美村委会,37,18,1,46
1359,赤岭村委会,51,20,1,51
1360,雅兴村委会,237,62,11,214
1361,同美村委会,364,82,19,298
1362,勤内村委会,274,71,12,238
1363,光德村委会,358,82,21,305
1364,仙苑村委会,230,25,7,205
1365,中标村委会,215,49,16,191
1366,土楼村委会,363,80,22,290
1367,砖文村委会,380,86,23,340
1368,员宅村委会,119,28,8,233
1369,过溪村委会,118,28,8,238
1370,涝港村委会,104,23,6,167
1371,玉田村委会,67,16,1,114
1372,山美村委会,140,31,7,223
1373,大岭村委会,0,2,0,0
1374,西坪村委会,19,2,0,5
1375,阳星村委会,4,0,0,1
1376,尧山村委会,143,32,7,266
1377,后格村委会,118,28,8,236
1378,美塘村委会,59,18,4,67
1379,灶坑村委会,14,2,1,5
1380,灶美村委会,18,2,1,7
1381,翰苑村委会,549,137,19,1261
1382,翰卿村委会,18,2,1,7
1383,新楼村委会,14,3,1,7
1384,尤俊村委会,13,2,1,6
1385,福林村委会,112,39,21,207
1386,南斗门村村委会,158,24,4,123
1387,良富村民委员会,131,35,4,110
1388,大奇连村委会,41,9,0,53
1389,西坂村委会,28,4,1,21
1390,东坂村委会,20,6,0,29
1391,北陶邱村委会,21,6,0,28
1392,南陶邱村委会,25,5,0,40
1393,西只东村委会,25,6,0,36
1394,大西丈村委会,19,4,0,30
1395,耿赵庄村委会,28,6,0,51
1396,东王楼村委会,27,6,0,53
1397,固刘村委会,43,5,0,34
1398,聂庄村委会,18,2,0,13
1399,许庄村委会,21,5,0,22
1400,姚庄村委会,164,29,6,139
1401,刘庄村委会,48,12,1,42
1402,陈集村委会,32,12,1,45
1403,八里庙村委会,48,15,1,54
1404,王店村委会,40,15,2,43
1405,湾子张村委会,30,10,1,35
1406,冯张庄村委会,29,11,1,40
1407,耿庄村委会,35,9,0,31
1408,李屯村委会,24,10,2,21
1409,东街村委会,14,4,0,8
1410,赵丁村委会,153,21,0,91
1411,万福集村委会,7,2,0,9
1412,琉璃庙村委会,17,7,0,34
1413,马集村委会,13,3,0,14
1414,西孔村委会,153,21,0,93
1415,马庄村委会,21,4,0,18
1416,杨河村委会,27,5,1,33
1417,张秀雨村委会,27,5,1,33
1418,后董村委会,43,5,0,35
1419,薛庄村委会,14,2,0,1
1420,曲庄村委会,150,21,0,91
1421,张庄村委会,28,11,1,39
1422,王楼村委会,24,3,0,29
1423,王庄砦村委会,17,3,0,17
1424,后晁楼村委会,15,2,0,13
1425,宋庄村委会,20,7,0,15
1426,边庄村村民委员会,107,16,2,109
1427,蜀山社区居民委员会,108,25,9,120
1428,西望村村民委员会,82,21,7,86
1429,任墅村村民委员会,94,18,11,93
1430,建新村村民委员会,79,22,12,76
1431,塍里村村民委员会,78,24,7,80
1432,三洞桥村村民委员会,89,20,8,83
1433,双桥村村民委员会,85,20,4,73
1434,大港村村民委员会,99,16,15,102
1435,伏东村村民委员会,9,6,0,21
1436,潜洛村村民委员会,58,17,6,80
1437,紫砂村村民委员会,98,22,10,114
1438,洛涧村村民委员会,33,15,7,75
1439,查林村村民委员会,51,9,7,73
1440,川埠村村民委员会,87,17,9,105
1441,双庙村村民委员会,117,24,18,132
1442,洋渚村村民委员会,51,17,1,55
1443,莲花堰村委会,159,20,5,131
1444,荣塘村委会,754,60,6,382
1445,沙田村委会,11,0,1,2
1446,西小里村委会,40,5,0,71
1447,大河村委会,15,2,0,13
1448,胡村村委会,27,7,5,32
1449,王家营村委会,37,6,0,37
1450,南王昝村委会,79,17,0,120
1451,高家庄村委会,19,2,0,23
1452,张楚营村委会,20,3,0,27
1453,李郎村委会,29,4,2,30
1454,马陵居委会,17,12,2,33
1455,东大居委会,13,6,0,18
1456,果园居委会,546,103,14,382
1457,红星居委会,44,17,2,80
1458,耿车居委会,46,11,3,119
1459,新华居委会,43,12,4,95
1460,红卫村委会,44,13,3,94
1461,湖稍村委会,45,14,4,95
1462,五星村委会,47,14,4,107
1463,三义村委会,36,14,1,96
1464,大众村委会,47,16,4,95
1465,刘圩村委会,30,8,1,61
1466,大同村委会,37,12,4,106
1467,肖桥村委会,40,13,0,48
1468,蚕桑村委会,33,12,0,49
1469,毛集村委会,16,8,1,16
1470,王庄村委会,8,4,0,16
1471,徐洼村委会,30,8,3,48
1472,杨集村委会,122,25,9,119
1473,九城村委会,17,12,0,22
1474,花园村委会,32,13,1,51
1475,罗圩居委会,21,10,1,46
1476,古山河居委会,16,9,0,30
1477,集东居委会,29,13,0,47
1478,湖滨居委会,33,6,81,34
1479,蔡家洼村民委员会,161,35,16,201
1480,雷村村委会,3,6,0,3
1481,春华村委会,276,48,24,215
1482,秋丰村委会,307,52,29,238
1483,谢家溪村委会,62,9,9,69
1484,木桥头村委会,63,16,8,83
1485,建华村委会,40,16,5,73
1486,勤丰村委会,66,10,2,53
1487,长垄村委会,60,14,6,36
1488,城北村委会,124,17,2,103
1489,西城头村委会,30,2,1,36
1490,另胡村委会,3,3,0,0
1491,桃花村村委会,235,44,5,163
1492,上拨剑村委会,21,3,1,12
1493,陈西村村委会,23,11,0,34
1494,裕丰村村委会,29,14,1,30
1495,里坂村委会,11,11,1,8
1496,雅致村委会,13,11,1,8
1497,湖头村委会,25,8,0,24
1498,三王村委会,7,3,1,0
1499,许宅村委会,22,9,0,19
1500,固堆庙村民委员会,153,21,0,91
1501,五里墩村民委员会,342,75,13,214
1502,段店村民委员会,37,8,0,46
1503,毕庄村民委员会,24,5,0,26
1504,水牛李村民委员会,26,2,0,27
1505,姜樊村村民委员会,8,4,0,9
1506,东黄海村民委员会,8,1,0,6
1507,欧徐新村村民委员会,26,6,0,25
1508,曹楼村民委员会,11,5,0,13
1509,烟王村民委员会,16,5,0,31
1510,姚楼村民委员会,7,4,0,7
1511,商店村民委员会,28,3,0,32
1512,南张楼村民委员会,14,3,0,20
1513,薛扶集村民委员会,15,4,0,16
1514,南曹社区村民委员会,368,68,3,245
1515,关桥村民委员会,22,8,0,21
1516,阚店村民委员会,15,3,0,38
1517,东方红村村民委员会,14,6,0,13
1518,侯庙村民委员会,14,6,0,13
1519,邢庄村民委员会,20,7,0,14
1520,孔楼村民委员会,194,21,3,176
1521,宫庄村民委员会,71,10,0,97
1522,后店子村民委员会,29,9,1,45
1523,冯桥村民委员会,12,7,0,31
1524,红星村村民委员会,66,11,5,43
1525,杜各村村民委员会,64,11,5,42
1526,大张庄村委会,32,2,0,11
1527,西村村民委员会,26,2,5,10
1528,后林村民委员会,16,5,0,17
1529,云篆山村村委会,18,2,2,19
1530,金竹村委会,2,0,0,0
1531,白鹤村委会,1,1,0,0
1532,后村农村社区村委会,11,1,1,4
1533,花园浜社区居委会,332,64,88,333
1534,常福社区居委会,460,77,131,301
1535,宝岩村委会,161,39,117,151
1536,元和村委会,248,45,64,285
1537,甸桥村委会,404,76,121,325
1538,大湖甸村委会,336,65,116,293
1539,建华村委会,190,36,37,260
1540,毛桥村委会,217,36,15,171
1541,勤丰村委会,283,53,41,218
1542,中泾村委会,17,11,1,49
1543,花溪社区居委会,226,32,15,188
1544,渠中村委会,193,32,15,230
1545,戈庄村委会,265,56,35,328
1546,新厍村委会,51,8,14,110
1547,梦兰村委会,258,52,58,313
1548,泯泾村委会,347,55,14,234
1549,景龙村委会,270,46,10,223
1550,安定村委会,249,47,29,297
1551,言里村委会,90,17,4,138
1552,长瑞村委会,28,13,5,62
1553,三和村委会,66,17,8,115
1554,燕巷村委会,83,18,5,151
1555,和甸村委会,85,17,7,146
1556,湖鹤村委会,30,14,3,70
1557,三星村委会,25,18,7,49
1558,新建村委会,16,10,7,47
1559,青莲村委会,239,42,23,299
1560,湖泾村委会,316,57,68,312
1561,港南村委会,31,24,6,57
1562,小康村委会,95,26,11,149
1563,珍门社区居委会,14,14,1,33
1564,聚沙村委会,47,25,9,84
1565,赵市村委会,34,20,7,61
1566,周行社区居委会,79,25,4,95
1567,福山村委会,7,7,1,27
1568,新州村委会,40,15,3,79
1569,淼泉社区居委会,84,25,7,120
1570,湖东村委会,148,39,20,192
1571,琴东村委会,50,16,10,116
1572,高长村委会,30,16,9,97
1573,吴庄村委会,218,45,19,194
1574,新桥村委会,207,46,24,240
1575,昆承湖村委会,15,9,3,57
1576,常昆村委会,14,8,2,45
1577,任阳社区居委会,13,9,0,25
1578,窑镇村委会,11,8,0,34
1579,枫塘村委会,20,6,1,26
1580,长桥村委会,25,14,1,42
1581,智林村委会,7,8,1,37
1582,杨园社区居委会,29,17,5,51
1583,张桥社区居委会,25,18,11,46
1584,张港泾村委会,30,11,8,67
1585,双浜村委会,54,13,2,58
1586,东旺村委会,16,17,10,38
1587,王庄社区居委会,35,15,2,66
1588,练塘社区居委会,24,13,11,61
1589,车路坝村委会,35,15,3,66
1590,福寿村委会,13,12,1,37
1591,南村坝村委会,38,21,4,74
1592,大河村委会,12,13,2,45
1593,新鑫村委会,14,11,1,43
1594,新巷村委会,17,11,11,46
1595,蒋巷镇村委会,29,13,53,58
1596,新裕村委会,15,14,10,45
1597,常兴村委会,20,17,10,66
1598,鸳鸯桥村委会,59,21,12,108
1599,吉桥村委会,20,14,9,46
1600,罗墩村委会,17,13,4,68
1601,颜巷村委会,136,22,47,207
1602,梁里马村委会,115,17,6,68
1603,黄里马村委会,118,19,7,81
1604,霍洪村委会,107,16,6,68
1605,田禾村委会,24,2,0,22
1606,东河古庙村委会,40,6,1,30
1607,东马延村委会,35,5,1,31
1608,大里村村委会,28,5,1,32
1609,高阜镇村委会,36,5,0,32
1610,董家村村委会,36,5,0,31
1611,董家庄村委会,18,2,0,8
1612,董固村委会,25,2,0,12
1613,常河镇村委会,20,3,1,26
1614,节固村委会,65,12,2,37
1615,南周章村委会,33,4,0,20
1616,田付村村委会,28,6,0,20
1617,徐周天村委会,23,3,0,12
1618,郑周天村委会,21,3,0,9
1619,杨周天村委会,18,2,0,8
1620,艾村村委会,22,2,0,10
1621,后戈庄村委会,20,3,1,26
1622,花园村委会,116,31,0,140
1623,灰埠村委会,26,3,0,19
1624,天岳村民委员会,116,12,0,114
1625,东升社区居委会,489,57,31,386
1626,三港新城社区居委会,604,70,64,509
1627,三北村村民委员会,235,40,32,151
1628,虹霓村村民委员会,34,18,9,62
1629,沈家弄村村民委员会,25,11,5,49
1630,石龙村村民委员会,259,42,37,233
1631,杨庄浜村村民委员会,106,20,8,148
1632,旧埭村村民委员会,24,17,3,62
1633,鱼圻塘村村民委员会,13,14,4,37
1634,星光村村民委员会,28,21,5,69
1635,大齐塘村村民委员会,26,15,4,58
1636,牌楼村村民委员会,28,18,3,79
1637,秦沙村村民委员会,20,18,4,51
1638,中华村村民委员会,66,10,8,95
1639,民主村村民委员会,33,17,6,61
1640,新庄村村民委员会,31,9,2,68
1641,周圩社区居委会,6,14,0,22
1642,小营头村村民委员会,21,11,2,63
1643,海塘村村民委员会,35,18,4,62
1644,南武沟村委会,28,2,0,27
1645,武沟村委会,28,2,0,28
1646,保太村委会,24,3,0,31
1647,李家白壤村委会,37,5,0,40
1648,高家白壤村委会,32,5,0,40
1649,前宕社区,208,41,12,91
1650,后垟社区,835,80,33,464
1651,沙岗村委会,2,3,2,8
1652,鸣山村委会,200,38,12,86
1653,临区村委会,62,28,2,54
1654,郭庄村委会,128,26,12,104
1655,步廊村委会,142,29,11,84
1656,水亭村委会,197,37,12,81
1657,建丰村委会,509,85,53,431
1658,新欣村委会,169,34,13,109
1659,城东村委会,203,38,10,89
1660,徐家站村委会,568,94,17,299
1661,玉莲村委会,279,56,12,165
1662,岱头村委会,254,47,12,120
1663,钱仓村委会,597,105,17,366
1664,小南村委会,45,7,2,23
1665,南陀村委会,106,18,6,50
1666,凤巢村委会,35,8,5,22
1667,陈交大社区,107,24,9,142
1668,宋桥社区,72,19,10,125
1669,黄垟村委会,788,69,80,591
1670,章桥村委会,390,30,14,316
1671,岗上村委会,113,28,9,111
1672,岗下村委会,45,7,2,23
1673,陡北村委会,41,17,3,61
1674,宋埠村委会,822,77,31,503
1675,本策村委会,22,7,2,34
1676,五里庄村委会,28,4,1,13
1677,高三洲村委会,24,2,0,21
1678,赵家寨村委会,26,2,1,11
1679,田家庄村委会,17,0,0,1
1680,新坝村委会,15,7,0,37
1681,龙王村委会,92,24,17,98
1682,新生村委会,86,20,8,103
1683,双隆村委会,58,15,3,74
1684,西水磨村委会,0,0,0,3
1685,会溪村委会,0,0,0,3
1686,西平村委会,9,1,0,5
1687,和平村委会,2,0,0,0
1688,红星村委会,31,1,0,22
1689,郭店村委会,31,1,0,22
1690,霍庄村委会,152,35,3,127
1691,友谊村委会,10,3,1,15
1692,南峰村委会,44,7,3,54
1693,溪沿村委会,22,9,4,17
1694,溪口村委会,2,1,1,2
1695,金星村委会,197,55,12,152
1696,半壁店村委会,202,55,12,159
1697,康各庄村委会,76,25,1,105
1698,黎村村委会,105,8,1,188
1699,永乐村委会,102,8,2,186
1700,红花村委会,101,8,1,192
1701,新风村委会,107,7,0,197
1702,金山村委会,228,9,4,231
1703,万红社区居委会,555,73,46,390
1704,东莱社区居委会,208,34,18,162
1705,闸上村委会,173,36,9,187
1706,东莱村委会,105,26,3,101
1707,福前村委会,116,37,10,169
1708,农联村委会,398,56,27,275
1709,张家港村委会,41,23,3,64
1710,长山村委会,121,30,8,134
1711,德积村委会,26,15,0,53
1712,向阳村委会,66,31,5,69
1713,清水村委会,20,17,1,44
1714,恬庄村委会,42,22,3,124
1715,安庆村委会,79,28,4,144
1716,永联村委会,25,12,1,50
1717,朝东圩港村委会,47,25,2,80
1718,长丰村委会,33,27,6,59
1719,李巷村委会,71,23,7,99
1720,小田村委会,129,38,4,150
1721,大张村委会,21,19,2,40
1722,民新村委会,33,4,3,29
1723,浔中村委会,202,40,14,282
1724,乐陶村委会,191,40,14,253
1725,后所村委会,192,37,14,232
1726,凤洋村委会,52,13,6,71
1727,世科村委会,204,40,14,279
1728,金锁社区居委会,234,55,23,207
1729,宝美村委会,234,55,23,210
1730,丁溪村委会,235,55,23,209
1731,丁墘村委会,201,39,14,279
1732,英山村委会,199,39,14,274
1733,高阳村委会,215,40,14,278
1734,三班村委会,213,42,14,291
1735,泗滨村委会,179,36,14,358
1736,东山村委会,182,36,14,353
1737,桥内村委会,181,36,14,357
1738,上柏村委会,7,7,3,11
1739,秋山村委会,119,18,15,75
1740,士林村委会,15,15,4,22
1741,白彪村委会,15,15,4,22
1742,天皇殿村委会,28,15,6,66
1743,高桥村委会,17,10,3,30
1744,勾里村委会,32,14,7,39
1745,孙家桥村委会,23,12,5,31
1746,大屯村委会,227,42,11,171
1747,下庄村委会,79,20,11,75
1748,郑重庄村委会,51,22,12,106
1749,怀北庄村委会,25,6,5,23
1750,立碑村委会,13,1,1,9
1751,光明村民委员会,58,6,2,169
1752,洪湖村民委员会,178,16,6,405
1753,万松村民委员会,62,3,2,215
1754,太阳村民委员会,180,11,3,230
1755,长排村民委员会,26,2,3,30
1756,范和村民委员会,15,2,2,22
1757,汉塘村民委员会,55,7,0,202
1758,望京洲村村民委员会,46,6,5,202
1759,大道村民委员会,4,0,0,0
1760,东平村民委员会,1339,95,52,1222
1761,下角村民委员会,838,63,42,686
1762,三新村民委员会,523,33,18,712
1763,马庄村民委员会,538,34,16,545
1764,冷水坑村民委员会,197,14,7,276
1765,冰塘村民委员会,433,28,16,433
1766,湖山村民委员会,318,25,15,712
1767,东升村民委员会,236,7,2,602
1768,五一村民委员会,392,15,5,982
1769,联和村民委员会,302,12,4,537
1770,小铁村民委员会,98,5,4,235
1771,乌石村民委员会,270,13,3,485
1772,青塘村民委员会,7,1,0,3
1773,柏岗村民委员会,128,5,1,389
1774,金鸡村民委员会,147,7,1,329
1775,九龙村民委员会,115,6,1,318
1776,虾村村民委员会,28,5,1,44
1777,陶前村民委员会,53,5,0,171
1778,竹仔园村民委员会,241,14,10,305
1779,泮沥村民委员会,59,2,4,252
1780,罗村村民委员会,11,1,0,14
1781,新乐村村民委员会,197,12,2,234
1782,金星村民委员会,26,1,1,55
1783,东风村委会,299,34,7,233
1784,接待村委会,270,22,6,211
1785,后西村委会,92,8,3,100
1786,亭林村委会,49,8,3,74
1787,省吟村委会,47,5,1,65
1788,后店村委会,61,9,1,95
1789,林口村委会,400,52,14,284
1790,前园村委会,226,25,7,196
1791,屿头村委会,214,27,8,188
1792,陈坝村委会,81,16,1,97
1793,锦峯村委会,117,29,6,170
1794,阳光村委会,57,11,1,122
1795,下垵村委会,52,11,1,118
1796,后港村委会,51,11,1,121
1797,琅山村委会,73,10,2,106
1798,秀土村委会,104,10,4,80
1799,玉埕村委会,82,24,6,163
1800,黄岭村委会,169,15,2,155
1801,霞西村委会,70,19,9,91
1802,五峰村委会,70,17,9,90
1803,龙西村委会,108,34,10,142
1804,里春村委会,98,19,7,152
1805,石塘湾社区居委会,125,25,13,153
1806,杨市社区居委会,112,22,5,115
1807,桃园村村委会,81,19,16,102
1808,申家村委会,21,6,2,22
1809,杨家社区村民委员会,13,4,1,15
1810,任家村委会,408,66,2,156
1811,东马村委会,153,30,2,89
1812,高南村委会,20,6,1,29
1813,西翟村委会,30,3,1,20
1814,长宋村委会,7,9,1,22
1815,刘家口村委会,20,4,0,22
1816,南北李村委会,20,4,0,19
1817,张佩环村委会,7,0,0,6
1818,归仁村委会,20,6,2,22
1819,李龙吴村委会,10,0,0,6
1820,南肖家村委会,6,1,0,7
1821,关家村委会,20,6,2,22
1822,李庄社区村民委员会,15,3,0,21
1823,曲张社区村民委员会,15,3,0,21
1824,华李社区村民委员会,8,0,0,6
1825,大徐社区村民委员会,13,3,1,31
1826,常家社区村民委员会,13,3,1,30
1827,姜城社区村民委员会,13,3,1,30
1828,王集社区村民委员会,19,8,0,19
1829,崔寨社区村民委员会,10,7,2,9
1830,杨庄村民委员会,71,16,1,57
1831,花园口村民委员会,79,12,9,89
1832,八堡村民委员会,48,4,1,75
1833,桥背村民委员会,362,19,10,516
1834,土湖村民委员会,4,0,0,4
1835,维布村民委员会,180,13,5,318
1836,新塘村民委员会,216,14,5,425
1837,白石村民委员会,111,6,2,301
1838,岭湖村民委员会,95,6,4,225
1839,茶园村民委员会,92,6,5,203
1840,岩前村民委员会,220,14,25,403
1841,长布村民委员会,38,3,2,243
1842,花果村民委员会,53,1,2,167
1843,新联村民委员会,56,3,1,222
1844,产径村民委员会,35,4,0,232
1845,东风村民委员会,32,4,0,203
1846,约场村民委员会,23,3,1,164
1847,红卫村民委员会,21,5,1,198
1848,南坑村民委员会,6,1,1,9
1849,皇后村民委员会,138,1,4,452
1850,联溪村民委员会,242,7,3,664
1851,百两村委会,392,77,26,326
1852,怡园村委会,145,36,3,209
1853,新界村委会,10,2,0,13
1854,潮塘村委会,10,2,0,12
1855,三群村委会,200,36,9,215
1856,四塘南村委会,66,26,1,136
1857,孙方村委会,10,2,0,12
1858,坎东村委会,187,33,9,199
1859,直塘村委会,117,25,6,138
1860,五姓点村委会,73,18,10,100
1861,巴里村委会,87,23,10,108
1862,东埠头村委会,57,11,7,55
1863,厉家村委会,86,21,9,90
1864,叶家村委会,79,18,9,99
1865,戎家村委会,99,19,9,111
1866,陈家村委会,99,39,3,141
1867,周家段村委会,87,23,10,118
1868,柴家村委会,89,23,10,116
1869,裘家村委会,82,22,10,107
1870,古窑浦村委会,17,6,2,52
1871,城隍庙社区,137,24,12,149
1872,鸣鹤居委会,75,19,8,86
1873,上横街村委会,121,23,12,147
1874,山海村委会,201,35,13,90
1875,卫东村委会,126,22,12,143
1876,卫西村委会,138,24,12,145
1877,卫北村委会,156,35,13,195
1878,卫南村委会,144,25,12,151
1879,五里村委会,157,33,12,177
1880,方家村委会,6,2,0,3
1881,东山头村委会,107,17,10,122
1882,东营村委会,10,2,0,13
1883,施叶村委会,166,35,13,189
1884,蒋家桥村委会,54,24,1,117
1885,锦堂村委会,106,20,11,127
1886,新泽村委会,126,24,11,139
1887,三塘头村委会,20,12,2,40
1888,大岐山村委会,66,13,7,71
1889,小团浦村委会,138,28,13,145
1890,五洞闸村委会,9,3,1,28
1891,师东村委会,9,2,0,3
1892,沈师桥村委会,103,24,12,127
1893,洞桥村委会,48,18,5,63
1894,淹浦村委会,99,25,16,125
1895,塘下村委会,151,21,19,112
1896,湖滨村委会,75,18,8,86
1897,四界村委会,54,23,1,122
1898,东海村委会,47,21,0,108
1899,东港村委会,7,5,0,3
1900,花木村委会,50,21,0,102
1901,花塘村委会,65,25,1,119
1902,南圆村委会,101,24,4,153
1903,海晏庙村委会,63,24,1,116
1904,五丰村委会,113,38,6,197
1905,五姓村委会,11,7,0,4
1906,毛三斢村委会,10,2,0,12
1907,丰潭村委会,148,37,10,223
1908,潭河沿村委会,152,38,10,227
1909,王家埭村委会,107,40,7,166
1910,石人山村委会,189,48,7,163
1911,龙舌村委会,287,66,11,237
1912,高家村委会,310,75,13,259
1913,樟树村委会,161,56,8,196
1914,林西村委会,334,85,21,279
1915,桥一村委会,60,28,9,108
1916,破山村委会,10,2,0,12
1917,联明村委会,277,67,20,216
1918,新园村委会,228,66,17,236
1919,上舍村委会,67,26,1,130
1920,双庆浦村委会,82,31,1,169
1921,水湘村委会,80,32,2,133
1922,老浦村委会,80,34,2,148
1923,洋龙村委会,62,26,2,120
1924,荣誉村委会,72,34,1,147
1925,高桥村委会,86,34,2,162
1926,浦沿村委会,81,33,2,137
1927,腰塘村委会,10,2,0,12
1928,新闸村委会,36,15,2,49
1929,黎明村委会,70,31,1,136
1930,一灶村委会,50,17,0,56
1931,上剑山村委会,435,82,28,228
1932,石堰村委会,10,2,0,12
1933,东畈村委会,99,26,7,112
1934,伍梅村委会,10,2,0,13
1935,宜青桥村委会,394,81,21,232
1936,埋马村委会,10,2,0,12
1937,秦堰村委会,10,2,0,12
1938,彭桥村委会,261,56,13,216
1939,六塘村委会,89,33,4,102
1940,傅家路村委会,520,106,33,335
1941,宏兴村委会,10,2,0,12
1942,新建村委会,274,53,10,244
1943,海南村委会,109,32,8,155
1944,大云村委会,27,9,1,47
1945,沧田村委会,54,27,3,90
1946,沧北村委会,10,2,0,12
1947,周西社区,127,34,7,211
1948,万寿寺村委会,126,44,6,240
1949,大古塘村委会,169,45,10,236
1950,云城村委会,165,47,9,257
1951,城中村委会,10,2,0,12
1952,湖塘新村委会,138,32,9,167
1953,新潮村委会,167,26,8,212
1954,新缪路村委会,90,33,6,154
1955,镇东新村委会,47,17,5,55
1956,小安村委会,34,23,1,49
1957,建五村委会,25,21,1,64
1958,元甲村委会,164,43,8,246
1959,三北居委会,81,21,13,92
1960,东门外村委会,214,37,13,98
1961,龙头场村委会,45,15,8,71
1962,西门外村委会,38,13,8,64
1963,双马村委会,82,19,10,97
1964,东渡村委会,72,21,11,90
1965,施公山村委会,74,20,13,91
1966,海甸戎村委会,79,23,12,102
1967,筋竹村委会,64,19,10,80
1968,王家路村委会,76,19,9,93
1969,淞浦村委会,72,19,9,101
1970,新西村委会,6,1,0,3
1971,新东村委会,479,83,33,279
1972,小黄楼村委会,214,40,4,165
1973,孟窑村委会,151,21,0,91
1974,后陈庄村委会,219,41,4,165
1975,丁张庄村委会,29,11,1,39
1976,孙庄村委会,4,2,0,0
1977,大黄楼村委会,32,14,3,47
1978,刘坊村委会,109,21,3,80
1979,宋湾村委会,156,21,0,93
1980,郑河村委会,149,21,0,91
1981,八里河村委会,113,13,7,82
1982,袁庄村委会,16,1,0,18
1983,党庄村委会,91,17,2,75
1984,陈楼村委会,166,44,1,136
1985,秦楼村委会,11,5,0,10
1986,姜庄村委会,87,27,1,93
1987,苟村集村委会,14,7,0,26
1988,前张口村委会,55,15,3,79
1989,祝楼村委会,11,6,0,21
1990,刘海村委会,23,5,0,32
1991,张堂村委会,14,5,0,26
1992,鹿堂村委会,43,5,0,34
1993,东张楼村委会,12,3,0,19
1994,侯楼村委会,156,21,0,92
1995,李胡同村委会,9,1,0,7
1996,马庄村委会,21,4,0,18
1997,刘海村委会,23,5,0,32
1998,胡楼村委会,41,8,0,34
1999,谭楼村委会,8,5,0,10
2000,窑上村委会,96,25,6,98
2001,瓦窑头村委会,95,11,7,87
2002,于庄村委会,99,28,6,112
2003,大高舍村委会,20,13,1,25
2004,兴隆庄村委会,146,9,16,99
2005,朱岗子村委会,80,11,9,84
2006,阎仙垡村委会,50,10,4,69
2007,葫芦垡村委会,28,10,5,64
2008,佛满村委会,17,6,1,21
2009,凤鸣村委会,10,2,0,7
2010,万福村,137,17,10,98
2011,北洋村委会,46,0,6,29
2012,洪住村委会,233,33,9,148
2013,象岗村委会,30,1,2,20
2014,陇上村委会,308,32,10,406
2015,新寨村委会,169,16,9,174
2016,锡西村委会,138,13,6,99
2017,江滨村委会,337,25,8,300
2018,潭蔡村委会,201,15,7,203
2019,石洋村委会,148,9,7,114
2020,华清村委会,454,33,9,438
2021,锡中村委会,165,16,9,178
2022,锡东村委会,144,12,5,129
2023,军埔村委会,79,7,5,72
2024,硕和村委会,97,8,6,83
2025,硕榕村委会,110,8,6,87
2026,硕联村委会,13,1,1,7
2027,楼下村委会,27,1,0,22
2028,秋江村委会,20,3,1,11
2029,北良村委会,34,2,3,11
2030,白石村委会,153,15,6,134
2031,仙美村委会,27,1,0,22
2032,英花村委会,27,1,0,22
2033,坪埔村委会,36,3,4,20
2034,玉联村委会,34,3,4,16
2035,浮山村委会,63,7,2,55
2036,东寮村委会,42,3,2,49
2037,汾水村委会,39,3,5,18
2038,林厝村委会,121,9,7,107
2039,桂东村委会,306,24,12,294
2040,棉洋村委会,317,31,14,286
2041,松山村委会,92,13,1,49
2042,塔西村委会,92,9,2,46
2043,围头村委会,144,6,5,118
2044,湖西村委会,140,6,5,108
2045,厚埔村委会,7,0,0,5
2046,新口村委会,2,2,0,4
2047,建国村委会,202,30,7,163
2048,东关村村委会,19,3,1,28
2049,兴隆宫村委会,26,3,1,25
2050,大龙华村委会,23,3,1,22
2051,小龙华村村委会,19,3,1,28
2052,夏村村委会,26,11,5,9
2053,珊门社区,192,20,2,113
2054,岳村村委会,9,8,0,7
2055,保贤村委会,282,23,16,259
2056,东湖村委会,296,28,17,266
2057,东岸村委会,157,8,11,291
2058,新堂村委会,23,3,0,17
2059,相家庄村委会,15,5,0,16
2060,东曹村村委会,238,18,16,278
2061,莲塘村委会,49,6,11,128
2062,五和村委会,29,3,7,84
2063,小泽村委会,26,2,5,47
2064,沙冲村委会,37,5,1,50
2065,新建村委会,56,5,2,67
2066,三益村委会,58,2,0,102
2067,石步村委会,2,0,0,0
2068,白庙村委会,68,10,1,81
2069,圩塘社区居委会,27,7,0,56
2070,魏村社区居委会,16,11,3,41
2071,安家村村委会,53,7,0,97
2072,东陆村村委会,90,8,1,114
2073,九龙村村委会,72,9,1,88
2074,固村巷村村委会,160,20,22,142
2075,叶家村村委会,64,17,1,117
2076,东桥村村委会,98,16,2,115
2077,何家塘村村委会,346,34,35,231
2078,大马村委会,687,85,39,371
2079,赵二街村委会,1,0,0,2
2080,细吴社区居民委员会,3,1,0,0
2081,建设村委会,18,2,1,8
2082,新村村委会,667,71,71,340
2083,塔山村委会,162,26,16,112
2084,中喻村委会,36,13,3,30
2085,新村居委会,311,66,7,203
2086,新北居委会,22,10,0,28
2087,南陈村委会,369,74,9,246
2088,田吴居委会,338,76,9,218
2089,新东居委会,288,69,9,173
2090,新段居委会,31,8,0,31
2091,街集村委会,21,9,0,27
2092,新圩居委会,15,1,0,26
2093,堰头村委会,211,37,4,94
2094,林后村委会,373,61,3,172
2095,西西周南村委会,367,57,9,159
2096,陈粮村委会,91,22,3,68
2097,嶅阴村委会,22,2,1,46
2098,老屋村委会,697,67,27,512
2099,排头村委会,566,54,19,441
2100,小洋村委会,60,6,2,58
2101,黄竹坑村委会,218,22,14,187
2102,洋潭村委会,576,54,19,450
2103,谢洋村委会,12,4,1,10
2104,培斜村委会,23,5,0,19
2105,新村村委会,21,4,1,21
2106,小马庄村委会,535,31,5,352
2107,荆垌社区居委会,394,29,6,238
2108,柏树刘社区居委会,78,14,1,114
2109,梅山村委会,84,15,1,116
2110,于寨村委会,78,9,4,105
2111,山西乔村委会,347,28,1,260
2112,古城村委会,182,18,1,162
2113,王许村委会,411,27,5,251
2114,东徐村委会,252,12,3,192
2115,侯庄村委会,206,20,12,151
2116,泗义村村委会,50,2,1,54
2117,龙虎村村委会,77,12,4,59
2118,大墓山村村委会,74,2,7,59
2119,顺江村村委会,99,7,3,193
2120,渭水社区居委会,43,8,0,30
2121,王吕村村委会,24,4,0,24
2122,北虎村委会,21,2,0,24
2123,西郝庄村委会,35,6,0,32
2124,东丰庄村委会,7,9,1,21
2125,前胡村委会,29,3,0,37
2126,金家沟村委会,24,6,1,64
2127,环湖村委会,121,9,28,90
2128,正仪村委会,29,12,19,46
2129,阳澄湖村委会,116,11,17,117
2130,新镇村委会,212,28,19,271
2131,合丰社区居委会,90,16,9,136
2132,邵村社区居委会,111,23,12,142
2133,陈巷村委会,72,13,10,153
2134,夏桥村委会,18,11,3,25
2135,大市村委会,95,18,7,134
2136,大唐村委会,108,23,6,149
2137,石浦村委会,52,7,69,47
2138,前白虎涧村委会,15,14,5,12
2139,尚信村委会,72,8,5,85
2140,讲礼村委会,67,18,9,79
2141,常兴庄村委会,221,35,10,123
2142,张各庄村委会,117,15,6,104
2143,上东廓村委会,6,3,6,7
2144,香屯村委会,361,52,19,178
2145,石岭村委会,142,20,1,64
2146,李家埠村委会,343,58,2,229
2147,花园村委会,10,2,1,14
2148,宝峰村委会,557,108,51,551
2149,樟林村委会,1200,163,80,841
2150,横屿村委会,574,93,86,400
2151,西园村委会,237,30,51,155
2152,斗顶村委会,334,52,58,265
2153,健康村委会,1172,148,105,743
2154,鹤林村委会,124,20,8,68
2155,东宿村委会,196,26,5,78
2156,东张村村委会,23,5,1,22
2157,元头村村委会,43,6,4,26
2158,留村村委会,249,35,23,148
2159,雷陈村委会,49,3,1,73
2160,于家庄村委会,22,3,0,22
2161,总十庄村委会,21,3,0,17
2162,盐厂寨村委会,12,2,0,6
2163,盐厂村委会,28,4,0,27
2164,武邱村委会,18,3,0,15
2165,胡士庄寨村委会,15,0,0,12
2166,周头村委会,16,0,0,13
2167,东小留村委会,16,0,0,11
2168,西小留村委会,3,2,0,5
2169,海滩村委会,19,5,3,12
2170,留章村委会,29,2,0,14
2171,陈家庄村委会,20,4,0,16
2172,马于村委会,22,5,0,20
2173,东赵家庄村委会,25,5,0,25
2174,北冻光村委会,18,4,0,24
2175,北辛庄村委会,30,4,0,15
2176,南辛庄村委会,23,4,0,27
2177,前彭头村委会,20,4,0,26
2178,后彭头村委会,123,16,12,106
2179,西队村委会,8,0,0,8
2180,吕家庄村委会,36,2,0,25
2181,光灿村委会,320,51,15,177
2182,屯尚村委会,26,1,0,14
2183,万庄村委会,16,1,0,19
2184,田村村委会,14,1,0,17
2185,北旺村委会,15,8,0,24
2186,东曹村委会,19,4,1,14
2187,南张里村委会,12,2,0,6
2188,候城村委会,14,3,0,12
2189,管洽村委会,204,30,6,104
2190,安家庄村委会,50,7,6,39
2191,王家庄村委会,171,33,10,347
2192,前蔡村委会,197,46,11,395
2193,可慕村委会,41,11,6,45
2194,桥头村委会,177,35,10,361
2195,后蔡村委会,198,39,13,212
2196,前埔村委会,232,47,11,400
2197,庵前村委会,107,38,6,238
2198,下官路村委会,91,27,5,198
2199,井边村委会,74,23,7,145
2200,洋尾村委会,114,49,5,198
2201,官田村委会,176,61,8,245
2202,张林村委会,530,111,20,773
2203,梧埭村委会,564,123,23,900
2204,宫口村委会,601,128,25,934
2205,桂林村委会,581,130,28,1048
2206,坊脚村委会,482,112,23,910
2207,江头回族村委会,558,125,21,1126
2208,溪边回族村委会,602,128,26,1111
2209,岸兜回族村委会,599,133,29,1074
2210,鹏头回族村委会,536,125,21,1152
2211,花厅口回族村委会,604,143,29,1114
2212,湖中村委会,20,3,0,12
2213,苏厝村委会,538,134,19,1221
2214,涵口村委会,424,113,18,1106
2215,横坂村委会,465,117,18,1097
2216,涵埭村委会,383,95,18,993
2217,洋埭村委会,417,100,31,1005
2218,庵上村委会,596,98,37,1045
2219,海尾村委会,551,77,29,881
2220,仙石村委会,531,95,34,1052
2221,高坑村委会,110,34,10,143
2222,龙下村委会,109,33,6,148
2223,许西坑村委会,98,28,10,127
2224,塔头孙村委会,361,101,27,1017
2225,池店村委会,484,94,32,1014
2226,浯潭村委会,405,99,31,1007
2227,新店村委会,373,103,25,1018
2228,钱头村委会,441,100,32,1015
2229,洋茂村委会,468,94,33,1017
2230,赤塘村委会,563,105,36,1057
2231,霞福村委会,623,103,36,1122
2232,溜石村委会,61,14,0,91
2233,溪头村委会,119,14,8,82
2234,东山村委会,679,105,31,851
2235,华洲村委会,996,133,36,1207
2236,清濛村委会,935,120,30,1230
2237,柴塔村委会,355,101,27,1015
2238,御辇村委会,590,99,33,1035
2239,唐厝村委会,299,72,24,643
2240,仕春村委会,340,92,25,828
2241,潘湖村委会,137,45,4,220
2242,上方村委会,112,29,10,237
2243,内山尾村委会,291,47,13,373
2244,新丰村委会,288,47,13,376
2245,梧坑村委会,527,70,22,630
2246,秀山村委会,112,38,23,121
2247,湖北村委会,133,33,15,268
2248,西吴村委会,388,61,17,479
2249,埔锦村委会,260,68,14,575
2250,山前村委会,139,48,6,349
2251,英墩村委会,103,30,6,225
2252,古厝村委会,273,42,9,389
2253,旦厝村委会,250,47,15,393
2254,割山村委会,56,2,0,50
2255,玉湖村委会,245,29,7,199
2256,后埔村委会,171,40,8,298
2257,玉溪村委会,82,35,4,156
2258,马坪村委会,109,33,7,134
2259,英林村委会,91,31,8,121
2260,三欧村委会,51,13,9,57
2261,古城营村委会,38,3,0,22
2262,王郭村委会,2,0,1,2
2263,新安村委会,616,75,18,886
2264,新坛村委会,584,71,20,855
2265,斗文村委会,585,72,19,821
2266,秀陇村委会,514,68,16,736
2267,华溪村委会,557,74,17,801
2268,光草洋村委会,566,70,18,777
2269,东埔村委会,418,59,13,558
2270,马栅村委会,2,1,0,0
2271,泗竹埔村委会,480,62,16,662
2272,泗竹仔村委会,524,69,16,761
2273,军屯村委会,596,77,20,842
2274,平湖村委会,581,77,18,867
2275,赵厝寮村委会,549,77,17,822
2276,赤水村委会,604,78,21,882
2277,白沙陇村委会,589,74,21,855
2278,南园村委会,470,63,20,693
2279,西陇村委会,309,32,10,412
2280,新寨村委会,266,22,10,346
2281,小扬美村委会,527,69,18,750
2282,钟潭村委会,489,70,17,690
2283,塔丰村委会,414,65,13,583
2284,塘边村委会,353,50,12,497
2285,新丰村委会,314,39,12,406
2286,松柏岭村委会,69,7,4,72
2287,华市村委会,147,13,5,169
2288,新寮村委会,562,74,21,812
2289,上寮村委会,545,72,18,788
2290,贵政山村委会,396,60,13,540
2291,多年山村委会,33,2,4,17
2292,高明村委会,113,4,3,85
2293,山湖村委会,472,64,19,644
2294,高埕村委会,405,47,14,561
2295,长岭口村委会,71,9,4,76
2296,果陇村委会,148,11,8,185
2297,光南村委会,280,23,11,362
2298,乌石村委会,121,9,7,141
2299,泥沟村委会,19,0,0,10
2300,新村村委会,153,6,8,114
2301,陈厝寨村委会,36,3,1,27
2302,横山村委会,70,6,5,47
2303,宝镜院村委会,27,1,0,22
2304,洪山村委会,72,7,6,54
2305,南村村委会,53,4,3,30
2306,钟堂村委会,73,11,3,79
2307,大陇村委会,54,3,3,38
2308,水寨村委会,69,7,2,50
2309,月屿村委会,146,9,5,160
2310,青洋山村委会,180,19,8,202
2311,华林村委会,158,14,8,152
2312,占梨村委会,14,1,1,8
2313,占苏村委会,186,17,5,195
2314,占陈村委会,151,13,5,168
2315,新寮村委会,132,12,3,138
2316,练江村委会,190,17,6,220
2317,西楼村委会,482,67,17,674
2318,西社西南村委会,455,61,18,656
2319,西社新北村委会,209,19,9,247
2320,莲坛村委会,216,20,5,248
2321,石桥头村委会,496,66,18,693
2322,新松村委会,47,8,1,31
2323,富美村委会,110,6,8,85
2324,冷美村委会,57,1,3,30
2325,竹头村委会,309,31,8,423
2326,泗坑村委会,99,9,5,102
2327,涂洋村委会,14,1,0,14
2328,高埔村委会,86,2,2,49
2329,田丰村委会,94,3,2,46
2330,远光村委会,98,3,2,54
2331,长美村委会,64,2,1,30
2332,溪南村委会,1,0,0,8
2333,尾泉村委会,16,0,0,22
2334,西水疃村委会,23,10,3,33
2335,骆庄村委会,127,12,4,173
2336,马坝村民委员会,428,52,11,256
2337,林前社区居民委员会,15,3,1,26
2338,南村村委会,1,0,0,4
2339,中村村委会,19,4,1,22
2340,北村村委会,34,4,0,26
2341,南故张村村委会,32,4,1,22
2342,北故张村村委会,41,4,1,29
2343,东羊平村村委会,11,1,0,12
2344,岸下村村委会,34,2,0,18
2345,西邸村村委会,39,2,1,22
2346,南东郭村村委会,50,3,1,21
2347,北东郭村村委会,35,5,1,17
2348,马羊村村委会,305,49,8,175
2349,北街社区居委会,408,83,9,255
2350,西街社区居委会,252,42,9,140
2351,东街社区居委会,330,75,6,201
2352,西邵村民委员会,260,44,10,160
2353,王乐田村民委员会,17,4,0,24
2354,刘六庄村民委员会,27,14,0,34
2355,八里庙村民委员会,37,11,0,39
2356,姚寨村民委员会,253,60,5,170
2357,豆堂新村村委会,17,5,0,33
2358,后尧村民委员会,41,10,0,60
2359,田油坊村民委员会,17,3,0,21
2360,常寨村民委员会,16,6,0,26
2361,隆华店村民委员会,21,5,0,18
2362,王河村民委员会,16,6,0,25
2363,代楼村民委员会,55,6,3,55
2364,河套园村委会,34,4,1,48
2365,倪集村民委员会,20,5,0,29
2366,余楼村民委员会,60,8,1,62
2367,崔河村民委员会,27,9,0,34
2368,李庄村民委员会,70,7,1,67
2369,张胡同村委会,77,8,0,77
2370,丁寨社区居委员会,26,2,0,27
2371,赵寨村民委员会,25,2,0,19
2372,邹庄村民委员会,40,3,0,33
2373,冯寨村民委员会,83,9,0,77
2374,仝大营村委会,224,32,8,163
2375,朱庙村民委员会,16,6,0,26
2376,王庄寨村民委员会,16,6,0,26
2377,甄楼村民委员会,27,10,0,36
2378,柳园村民委员会,39,8,0,45
2379,钟口村民委员会,255,44,10,158
2380,赵菜园村民委员会,14,0,0,3
2381,徐集村民委员会,28,6,0,32
2382,晏庄村民委员会,12,5,0,26
2383,张堂村民委员会,256,40,10,166
2384,仵楼村委会,21,5,0,18
2385,旧集村民委员会,24,3,0,22
2386,常庙北街村委会,4,2,0,0
2387,孙庄村民委员会,29,7,0,41
2388,李庙村民委员会,400,79,13,234
2389,杜庄村委会,28,7,0,41
2390,石庄村民委员会,16,6,0,29
2391,柳窑村民委员会,28,7,0,24
2392,西村村民委员会,27,6,0,25
2393,林后村民委员会,5,2,0,2
2394,张庄村民委员会,164,24,1,97
2395,黄庄村民委员会,35,10,0,43
2396,祝庄村民委员会,253,44,10,158
2397,袁白庄村民委员会,13,7,0,12
2398,李庄行政村,17,5,1,24
2399,姚庄寨行政村,51,11,1,47
2400,刘集村民委员会,26,6,0,25
2401,祝口村民委员会,44,6,0,40
2402,何楼村民委员会,25,10,0,28
2403,周楼村民委员会,226,29,1,142
2404,胡庄村民委员会,27,6,0,25
2405,尹黄庄村民委员会,17,6,0,30
2406,杨庄村民委员会,11,2,0,6
2407,黄楼村民委员会,6,2,0,12
2408,杨双庙村委会,17,6,0,14
2409,赵庄村委会,22,5,0,20
2410,陈楼寨村委会,16,3,0,15
2411,阎店楼村委会,17,2,0,13
2412,王楼村民委员会,26,6,0,25
2413,梁东村民委员会,13,4,0,23
2414,梁西村民委员会,26,6,0,25
2415,梁南村民委员会,13,4,0,14
2416,夏庄村民委员会,5,3,0,9
2417,南柳村民委员会,16,5,0,32
2418,柏树元村民委员会,26,6,0,25
2419,朱王庄村民委员会,15,1,0,14
2420,王堂村民委员会,19,7,0,15
2421,王善庄村民委员会,26,6,0,25
2422,安赵庄村民委员会,26,6,0,26
2423,安许楼村民委员会,26,6,0,25
2424,高集村民委员会,12,6,0,14
2425,杏花村村民委员会,14,6,0,14
2426,唐菜园村民委员会,21,5,1,37
2427,胡店村民委员会,27,6,0,25
2428,楚天集村民委员会,27,8,1,25
2429,火神台村民委员会,26,6,0,25
2430,榆林集村民委员会,16,7,0,31
2431,卫楼村民委员会,27,6,0,25
2432,霍庄村民委员会,27,6,0,25
2433,陈河村民委员会,33,11,1,28
2434,林庄村民委员会,26,6,0,25
2435,韩双楼村民委员会,30,9,0,27
2436,闫楼村民委员会,14,7,1,5
2437,程楼村民委员会,231,32,8,167
2438,苗庄村民委员会,13,4,1,9
2439,高庄集村民委员会,31,1,0,22
2440,黄庄村民委员会,31,1,0,21
2441,郭店村委会,150,35,3,131
2442,霍庄村委会,10,3,1,15
2443,友谊村委会,44,7,3,54
2444,南峰村委会,24,9,4,18
2445,溪沿村委会,3,1,1,2
2446,溪口村委会,205,55,12,151
2447,金星村委会,204,55,12,152
2448,半壁店村委会,74,25,1,104
2449,康各庄村委会,105,8,1,193
2450,黎村村委会,102,8,2,189
2451,永乐村委会,103,8,1,192
2452,红花村委会,108,7,0,193
2453,新风村委会,233,9,4,243
2454,金山村委会,601,73,46,403
2455,万红社区居委会,198,34,18,163
2456,东莱社区居委会,180,36,9,187
2457,闸上村委会,107,26,3,101
2458,东莱村委会,127,37,10,170
2459,福前村委会,412,56,27,282
2460,农联村委会,43,23,3,63
2461,张家港村委会,128,30,8,133
2462,长山村委会,26,15,0,52
2463,德积村委会,66,31,5,79
2464,向阳村委会,22,17,1,45
2465,清水村委会,42,22,3,128
2466,恬庄村委会,84,28,4,147
2467,安庆村委会,24,12,1,50
2468,永联村委会,50,25,2,80
2469,朝东圩港村委会,35,27,6,61
2470,长丰村委会,77,23,7,100
2471,李巷村委会,137,38,4,148
2472,小田村委会,22,19,2,40
2473,大张村委会,34,4,3,32
2474,民新村委会,202,40,14,284
2475,浔中村委会,188,40,14,253
2476,乐陶村委会,192,37,14,244
2477,后所村委会,52,13,6,71
2478,凤洋村委会,210,40,14,280
2479,世科村委会,239,55,23,207
2480,金锁社区居委会,198,39,14,275
2481,宝美村委会,209,40,14,284
2482,丁溪村委会,212,42,14,281
2483,丁墘村委会,40,13,4,72
2484,英山村委会,178,36,14,359
2485,高阳村委会,14,6,0,20
2486,三班村委会,106,31,8,140
2487,泗滨村委会,118,14,8,82
2488,东山村委会,15,7,0,12
2489,桥内村委会,7,7,3,11
2490,上柏村委会,120,18,15,76
2491,秋山村委会,15,15,4,22
2492,士林村委会,13,16,1,11
2493,白彪村委会,28,15,6,66
2494,天皇殿村委会,17,10,3,30
2495,高桥村委会,32,14,7,39
2496,勾里村委会,23,12,5,33
2497,孙家桥村委会,232,42,11,170
2498,大屯村委会,84,20,11,73
2499,下庄村委会,54,22,12,106
2500,郑重庄村委会,25,6,5,22
2501,怀北庄村委会,13,1,1,10
2502,立碑村委会,57,6,2,168
2503,光明村民委员会,176,16,6,381
2504,洪湖村民委员会,65,3,2,215
2505,万松村民委员会,184,11,3,242
2506,太阳村民委员会,26,2,3,33
2507,长排村民委员会,16,2,2,22
2508,范和村民委员会,56,7,0,200
2509,汉塘村民委员会,48,6,5,206
2510,望京洲村村民委员会,4,0,0,0
2511,大道村民委员会,1363,95,52,1218
2512,东平村民委员会,856,63,42,667
2513,下角村民委员会,503,33,18,713
2514,三新村民委员会,540,34,16,549
2515,马庄村民委员会,198,14,7,277
2516,冷水坑村民委员会,439,28,16,443
2517,冰塘村民委员会,315,25,15,718
2518,湖山村民委员会,242,7,2,599
2519,东升村民委员会,402,15,5,978
2520,五一村民委员会,309,12,4,535
2521,联和村民委员会,100,5,4,242
2522,小铁村民委员会,265,13,3,483
2523,乌石村民委员会,7,1,0,3
2524,青塘村民委员会,132,5,1,388
2525,柏岗村民委员会,155,7,1,334
2526,金鸡村民委员会,116,6,1,318
2527,九龙村民委员会,29,5,1,44
2528,虾村村民委员会,54,5,0,176
2529,陶前村民委员会,242,14,10,307
2530,竹仔园村民委员会,59,2,4,260
2531,泮沥村民委员会,11,1,0,14
2532,罗村村民委员会,191,12,2,234
2533,新乐村村民委员会,26,1,1,55
2534,金星村民委员会,301,34,7,233
2535,东风村委会,271,22,6,214
2536,接待村委会,89,8,3,98
2537,后西村委会,49,8,3,74
2538,亭林村委会,47,5,1,65
2539,省吟村委会,60,9,1,94
2540,后店村委会,405,52,14,285
2541,林口村委会,230,25,7,208
2542,前园村委会,221,27,8,184
2543,屿头村委会,83,16,1,99
2544,陈坝村委会,113,29,6,173
2545,锦峯村委会,56,11,1,122
2546,阳光村委会,54,11,1,119
2547,下垵村委会,55,11,1,120
2548,后港村委会,72,10,2,108
2549,琅山村委会,103,10,4,83
2550,秀土村委会,84,24,6,163
2551,玉埕村委会,167,15,2,149
2552,黄岭村委会,70,19,9,94
2553,霞西村委会,68,17,9,92
2554,五峰村委会,109,34,10,145
2555,龙西村委会,98,19,7,151
2556,里春村委会,120,25,13,156
2557,石塘湾社区居委会,107,22,5,114
2558,杨市社区居委会,81,19,16,98
2559,桃园村村委会,20,6,2,24
2560,申家村委会,13,4,1,15
2561,杨家社区村民委员会,415,66,2,154
2562,任家村委会,163,30,2,96
2563,东马村委会,22,6,1,27
2564,高南村委会,30,3,1,20
2565,西翟村委会,7,9,1,22
2566,长宋村委会,22,4,0,22
2567,刘家口村委会,20,4,0,19
2568,南北李村委会,7,0,0,6
2569,张佩环村委会,20,6,2,22
2570,归仁村委会,10,0,0,7
2571,李龙吴村委会,6,1,0,6
2572,南肖家村委会,20,6,2,22
2573,关家村委会,15,3,0,21
2574,李庄社区村民委员会,15,3,0,21
2575,曲张社区村民委员会,8,0,0,6
2576,华李社区村民委员会,13,3,1,31
2577,大徐社区村民委员会,13,3,1,32
2578,常家社区村民委员会,13,3,1,30
2579,姜城社区村民委员会,19,8,0,19
2580,王集社区村民委员会,10,7,2,11
2581,崔寨社区村民委员会,76,16,1,58
2582,杨庄村民委员会,80,12,9,90
2583,花园口村民委员会,48,4,1,75
2584,八堡村民委员会,365,19,10,523
2585,桥背村民委员会,4,0,0,4
2586,土湖村民委员会,185,13,5,325
2587,维布村民委员会,227,14,5,433
2588,新塘村民委员会,110,6,2,305
2589,白石村民委员会,98,6,4,226
2590,岭湖村民委员会,90,6,5,206
2591,茶园村民委员会,221,14,25,388
2592,岩前村民委员会,39,3,2,243
2593,长布村民委员会,53,1,2,165
2594,花果村民委员会,56,3,1,228
2595,新联村民委员会,34,4,0,238
2596,产径村民委员会,34,4,0,203
2597,东风村民委员会,23,3,1,166
2598,约场村民委员会,22,5,1,197
2599,红卫村民委员会,6,1,1,9
2600,南坑村民委员会,138,1,4,476
2601,皇后村民委员会,245,7,3,656
2602,联溪村民委员会,397,77,26,326
2603,百两村委会,146,36,3,214
2604,怡园村委会,10,2,0,12
2605,新界村委会,10,2,0,12
2606,潮塘村委会,203,36,9,224
2607,三群村委会,69,26,1,135
2608,四塘南村委会,10,2,0,13
2609,孙方村委会,190,33,9,203
2610,坎东村委会,123,25,6,140
2611,直塘村委会,84,18,10,98
2612,五姓点村委会,93,23,10,112
2613,巴里村委会,55,11,7,55
2614,东埠头村委会,86,21,9,92
2615,厉家村委会,78,18,9,100
2616,叶家村委会,97,19,9,113
2617,戎家村委会,111,39,3,139
2618,陈家村委会,89,23,10,122
2619,周家段村委会,84,23,10,121
2620,柴家村委会,95,22,10,108
2621,裘家村委会,19,6,2,57
2622,古窑浦村委会,138,24,12,149
2623,城隍庙社区,76,19,8,85
2624,鸣鹤居委会,122,23,12,142
2625,上横街村委会,202,35,13,97
2626,山海村委会,129,22,12,144
2627,卫东村委会,132,24,12,147
2628,卫西村委会,169,35,13,189
2629,卫北村委会,141,25,12,148
2630,卫南村委会,159,33,12,176
2631,五里村委会,7,2,0,3
2632,方家村委会,109,17,10,128
2633,东山头村委会,10,2,0,13
2634,东营村委会,169,35,13,191
2635,施叶村委会,49,24,1,117
2636,蒋家桥村委会,109,20,11,129
2637,锦堂村委会,126,24,11,142
2638,新泽村委会,20,12,2,41
2639,三塘头村委会,67,13,7,72
2640,大岐山村委会,136,28,13,145
2641,小团浦村委会,9,3,1,29
2642,五洞闸村委会,9,2,0,3
2643,师东村委会,106,24,12,136
2644,沈师桥村委会,48,18,5,64
2645,洞桥村委会,103,25,16,131
2646,淹浦村委会,182,21,19,115
2647,塘下村委会,76,18,8,86
2648,湖滨村委会,56,23,1,122
2649,四界村委会,48,21,0,107
2650,东海村委会,7,5,0,3
2651,东港村委会,50,21,0,104
2652,花木村委会,67,25,1,117
2653,花塘村委会,96,24,4,151
2654,南圆村委会,66,24,1,116
2655,海晏庙村委会,113,38,6,193
2656,五丰村委会,11,7,0,4
2657,五姓村委会,10,2,0,12
2658,毛三斢村委会,146,37,10,232
2659,丰潭村委会,149,38,10,231
2660,潭河沿村委会,105,40,7,166
2661,王家埭村委会,197,48,7,161
2662,石人山村委会,293,66,11,233
2663,龙舌村委会,323,75,13,261
2664,高家村委会,165,56,8,197
2665,樟树村委会,350,85,21,269
2666,林西村委会,59,28,9,108
2667,桥一村委会,10,2,0,13
2668,破山村委会,295,67,20,214
2669,联明村委会,245,66,17,234
2670,新园村委会,66,26,1,129
2671,上舍村委会,87,31,1,165
2672,双庆浦村委会,82,32,2,132
2673,水湘村委会,84,34,2,150
2674,老浦村委会,65,26,2,122
2675,洋龙村委会,71,34,1,151
2676,荣誉村委会,85,34,2,161
2677,高桥村委会,83,33,2,138
2678,浦沿村委会,10,2,0,13
2679,腰塘村委会,36,15,2,50
2680,新闸村委会,71,31,1,134
2681,黎明村委会,51,17,0,57
2682,一灶村委会,416,82,28,235
2683,上剑山村委会,10,2,0,12
2684,石堰村委会,104,26,7,112
2685,东畈村委会,10,2,0,13
2686,伍梅村委会,393,81,21,235
2687,宜青桥村委会,10,2,0,12
2688,埋马村委会,10,2,0,13
2689,秦堰村委会,259,56,13,217
2690,彭桥村委会,91,33,4,101
2691,六塘村委会,527,106,33,339
2692,傅家路村委会,10,2,0,13
2693,宏兴村委会,284,53,10,260
2694,新建村委会,109,32,8,160
2695,海南村委会,28,9,1,47
2696,大云村委会,55,27,3,91
2697,沧田村委会,10,2,0,13
2698,沧北村委会,128,34,7,212
2699,周西社区,131,44,6,237
2700,万寿寺村委会,172,45,10,242
2701,大古塘村委会,167,47,9,266
2702,云城村委会,10,2,0,12
2703,城中村委会,143,32,9,167
2704,湖塘新村委会,168,26,8,212
2705,新潮村委会,90,33,6,155
2706,新缪路村委会,50,17,5,55
2707,镇东新村委会,33,23,1,49
2708,小安村委会,26,21,1,64
2709,建五村委会,173,43,8,240
2710,元甲村委会,83,21,13,101
2711,三北居委会,216,37,13,98
2712,东门外村委会,45,15,8,73
2713,龙头场村委会,39,13,8,61
2714,西门外村委会,78,19,10,100
2715,双马村委会,80,21,11,95
2716,东渡村委会,83,20,13,92
2717,施公山村委会,83,23,12,96
2718,海甸戎村委会,67,19,10,82
2719,筋竹村委会,74,19,9,97
2720,王家路村委会,77,19,9,102
2721,淞浦村委会,6,1,0,3
2722,新西村委会,469,83,33,276
2723,新东村委会,219,40,4,170
2724,小黄楼村委会,152,21,0,95
2725,孟窑村委会,221,41,4,175
2726,后陈庄村委会,28,11,1,40
2727,丁张庄村委会,4,2,0,0
2728,孙庄村委会,32,14,3,47
2729,大黄楼村委会,108,21,3,79
2730,刘坊村委会,158,21,0,92
2731,宋湾村委会,158,21,0,94
2732,郑河村委会,114,13,7,85
2733,八里河村委会,17,1,0,18
2734,袁庄村委会,90,17,2,74
2735,党庄村委会,167,44,1,136
2736,陈楼村委会,12,5,0,11
2737,秦楼村委会,82,27,1,97
2738,姜庄村委会,14,7,0,26
2739,苟村集村委会,55,15,3,80
2740,前张口村委会,12,6,0,20
2741,祝楼村委会,23,5,0,32
2742,刘海村委会,13,5,0,25
2743,张堂村委会,43,5,0,34
2744,鹿堂村委会,12,3,0,19
2745,东张楼村委会,157,21,0,92
2746,侯楼村委会,9,1,0,7
2747,李胡同村委会,23,4,0,19
2748,马庄村委会,23,5,0,32
2749,刘海村委会,42,8,0,35
2750,胡楼村委会,8,5,0,10
2751,谭楼村委会,31,1,5,62
2752,窑上村委会,93,25,6,98
2753,瓦窑头村委会,94,11,7,87
2754,于庄村委会,100,28,6,111
2755,大高舍村委会,19,13,1,24
2756,兴隆庄村委会,144,9,16,100
2757,朱岗子村委会,82,11,9,85
2758,阎仙垡村委会,50,10,4,69
2759,葫芦垡村委会,28,10,5,64
2760,佛满村委会,17,6,1,24
2761,凤鸣村委会,10,2,0,7
2762,万福村,138,17,10,100
2763,北洋村委会,48,0,6,29
2764,洪住村委会,232,33,9,151
2765,象岗村委会,30,1,2,20
2766,陇上村委会,307,32,10,411
2767,新寨村委会,169,16,9,180
2768,锡西村委会,138,13,6,100
2769,江滨村委会,333,25,8,304
2770,潭蔡村委会,198,15,7,206
2771,石洋村委会,148,9,7,118
2772,华清村委会,461,33,9,435
2773,锡中村委会,167,16,9,181
2774,锡东村委会,145,12,5,131
2775,军埔村委会,78,7,5,70
2776,硕和村委会,101,8,6,85
2777,硕榕村委会,105,8,6,88
2778,硕联村委会,13,1,1,8
2779,楼下村委会,27,1,0,22
2780,秋江村委会,21,3,1,11
2781,北良村委会,34,2,3,12
2782,白石村委会,157,15,6,133
2783,仙美村委会,27,1,0,22
2784,英花村委会,27,1,0,22
2785,坪埔村委会,36,3,4,20
2786,玉联村委会,35,3,4,16
2787,浮山村委会,62,7,2,56
2788,东寮村委会,43,3,2,50
2789,汾水村委会,41,3,5,19
2790,林厝村委会,120,9,7,110
2791,桂东村委会,305,24,12,291
2792,棉洋村委会,320,31,14,287
2793,松山村委会,92,13,1,48
2794,塔西村委会,93,9,2,47
2795,围头村委会,145,6,5,115
2796,湖西村委会,140,6,5,107
2797,厚埔村委会,7,0,0,5
2798,新口村委会,2,2,0,4
2799,建国村委会,201,30,7,158
2800,东关村村委会,19,3,1,28
2801,兴隆宫村委会,26,3,1,25
2802,大龙华村委会,23,3,1,22
2803,小龙华村村委会,20,3,1,28
2804,夏村村委会,28,11,5,10
2805,珊门社区,194,20,2,114
2806,岳村村委会,9,8,0,8
2807,保贤村委会,296,23,16,257
2808,东湖村委会,301,28,17,258
2809,东岸村委会,157,8,11,293
2810,新堂村委会,23,3,0,17
2811,相家庄村委会,15,5,0,16
2812,东曹村村委会,244,18,16,288
2813,莲塘村委会,49,6,11,132
2814,五和村委会,29,3,7,87
2815,小泽村委会,26,2,5,48
2816,沙冲村委会,37,5,1,50
2817,新建村委会,57,5,2,67
2818,三益村委会,57,2,0,109
2819,石步村委会,2,0,0,0
2820,白庙村委会,66,10,1,82
2821,圩塘社区居委会,29,7,0,57
2822,魏村社区居委会,18,11,3,41
2823,安家村村委会,53,7,0,97
2824,东陆村村委会,91,8,1,112
2825,九龙村村委会,74,9,1,85
2826,固村巷村村委会,161,20,22,143
2827,叶家村村委会,63,17,1,120
2828,东桥村村委会,94,16,2,113
2829,何家塘村村委会,339,34,35,233
2830,大马村委会,686,85,39,377
2831,赵二街村委会,1,0,0,2
2832,细吴社区居民委员会,3,1,0,0
2833,建设村委会,18,2,1,7
2834,新村村委会,694,71,71,344
2835,塔山村委会,172,26,16,111
2836,中喻村委会,35,13,3,28
2837,新村居委会,317,66,7,195
2838,新北居委会,24,10,0,28
2839,南陈村委会,367,74,9,249
2840,田吴居委会,323,76,9,208
2841,新东居委会,293,69,9,170
2842,新段居委会,30,8,0,30
2843,街集村委会,21,9,0,26
2844,新圩居委会,15,1,0,26
2845,堰头村委会,205,37,4,92
2846,林后村委会,373,61,3,174
2847,西西周南村委会,377,57,9,160
2848,陈粮村委会,93,22,3,65
2849,嶅阴村委会,21,2,1,44
2850,老屋村委会,684,67,27,524
2851,排头村委会,585,54,19,454
2852,小洋村委会,59,6,2,54
2853,黄竹坑村委会,210,22,14,183
2854,洋潭村委会,539,54,19,440
2855,谢洋村委会,12,4,1,10
2856,培斜村委会,23,5,0,19
2857,新村村委会,21,4,1,22
2858,小马庄村委会,517,31,5,339
2859,荆垌社区居委会,395,29,6,229
2860,柏树刘社区居委会,79,14,1,116
2861,梅山村委会,84,15,1,115
2862,于寨村委会,77,9,4,103
2863,山西乔村委会,344,28,1,270
2864,古城村委会,184,18,1,159
2865,王许村委会,413,27,5,254
2866,东徐村委会,255,12,3,189
2867,侯庄村委会,196,20,12,151
2868,泗义村村委会,52,2,1,53
2869,龙虎村村委会,75,12,4,60
2870,大墓山村村委会,75,2,7,59
2871,顺江村村委会,100,7,3,197
2872,渭水社区居委会,43,8,0,29
2873,王吕村村委会,24,4,0,24
2874,北虎村委会,23,2,0,24
2875,西郝庄村委会,37,6,0,32
2876,东丰庄村委会,7,9,1,21
2877,前胡村委会,29,3,0,37
2878,金家沟村委会,24,6,1,61
2879,环湖村委会,115,9,28,91
2880,正仪村委会,30,12,19,46
2881,阳澄湖村委会,126,11,17,117
2882,新镇村委会,200,28,19,273
2883,合丰社区居委会,97,16,9,134
2884,邵村社区居委会,112,23,12,142
2885,陈巷村委会,72,13,10,150
2886,夏桥村委会,18,11,3,25
2887,大市村委会,96,18,7,137
2888,大唐村委会,105,23,6,149
2889,石浦村委会,52,7,69,46
2890,前白虎涧村委会,15,14,5,12
2891,尚信村委会,72,8,5,86
2892,讲礼村委会,66,18,9,81
2893,常兴庄村委会,218,35,10,124
2894,张各庄村委会,114,15,6,105
2895,上东廓村委会,6,3,6,7
2896,香屯村委会,358,52,19,170
2897,石岭村委会,148,20,1,65
2898,李家埠村委会,352,58,2,225
2899,花园村委会,9,2,1,13
2900,宝峰村委会,567,108,51,561
2901,樟林村委会,1162,163,80,864
2902,横屿村委会,568,93,86,405
2903,西园村委会,227,30,51,154
2904,斗顶村委会,351,52,58,267
2905,健康村委会,1234,148,105,768
2906,鹤林村委会,124,20,8,66
2907,东宿村委会,203,26,5,72
2908,东张村村委会,23,5,1,23
2909,元头村村委会,43,6,4,28
2910,留村村委会,250,35,23,152
2911,雷陈村委会,48,3,1,77
2912,于家庄村委会,22,3,0,22
2913,总十庄村委会,21,3,0,18
2914,盐厂寨村委会,12,2,0,6
2915,盐厂村委会,28,4,0,27
2916,武邱村委会,18,3,0,15
2917,胡士庄寨村委会,15,0,0,13
2918,周头村委会,16,0,0,13
2919,东小留村委会,16,0,0,12
2920,西小留村委会,3,2,0,5
2921,海滩村委会,19,5,3,13
2922,留章村委会,30,2,0,16
2923,陈家庄村委会,20,4,0,16
2924,马于村委会,22,5,0,19
2925,东赵家庄村委会,25,5,0,26
2926,北冻光村委会,18,4,0,24
2927,北辛庄村委会,30,4,0,15
2928,南辛庄村委会,23,4,0,28
2929,前彭头村委会,20,4,0,27
2930,后彭头村委会,121,16,12,106
2931,西队村委会,8,0,0,8
2932,吕家庄村委会,36,2,0,25
2933,光灿村委会,308,51,15,187
2934,屯尚村委会,26,1,0,14
2935,万庄村委会,17,1,0,19
2936,田村村委会,14,1,0,17
2937,北旺村委会,15,8,0,24
2938,东曹村委会,19,4,1,14
2939,南张里村委会,12,2,0,6
2940,候城村委会,14,3,0,13
2941,管洽村委会,207,30,6,103
2942,安家庄村委会,52,7,6,38
2943,王家庄村委会,184,33,10,340
2944,前蔡村委会,190,46,11,401
2945,可慕村委会,41,11,6,46
2946,桥头村委会,175,35,10,356
2947,后蔡村委会,205,39,13,199
2948,前埔村委会,230,47,11,397
2949,庵前村委会,110,38,6,236
2950,下官路村委会,92,27,5,200
2951,井边村委会,75,23,7,146
2952,洋尾村委会,115,49,5,196
2953,官田村委会,174,61,8,238
2954,张林村委会,512,111,20,789
2955,梧埭村委会,546,123,23,880
2956,宫口村委会,584,128,25,911
2957,桂林村委会,558,130,28,1013
2958,坊脚村委会,479,112,23,926
2959,江头回族村委会,551,125,21,1127
2960,溪边回族村委会,574,128,26,1103
2961,岸兜回族村委会,579,133,29,1039
2962,鹏头回族村委会,546,125,21,1134
2963,花厅口回族村委会,613,143,29,1111
2964,湖中村委会,20,3,0,12
2965,苏厝村委会,553,134,19,1215
2966,涵口村委会,419,113,18,1111
2967,横坂村委会,462,117,18,1116
2968,涵埭村委会,391,95,18,1008
2969,洋埭村委会,432,100,31,1044
2970,庵上村委会,597,98,37,1036
2971,海尾村委会,553,77,29,871
2972,仙石村委会,530,95,34,1051
2973,高坑村委会,110,34,10,140
2974,龙下村委会,110,33,6,155
2975,许西坑村委会,97,28,10,132
2976,塔头孙村委会,353,101,27,1010
2977,池店村委会,483,94,32,1012
2978,浯潭村委会,411,99,31,984
2979,新店村委会,366,103,25,1002
2980,钱头村委会,432,100,32,1025
2981,洋茂村委会,469,94,33,1013
2982,赤塘村委会,588,105,36,1075
2983,霞福村委会,619,103,36,1104
2984,溜石村委会,61,14,0,91
2985,溪头村委会,116,14,8,82
2986,东山村委会,667,105,31,878
2987,华洲村委会,1017,133,36,1219
2988,清濛村委会,935,120,30,1202
2989,柴塔村委会,356,101,27,996
2990,御辇村委会,577,99,33,1018
2991,唐厝村委会,309,72,24,657
2992,仕春村委会,329,92,25,833
2993,潘湖村委会,134,45,4,212
2994,上方村委会,110,29,10,237
2995,内山尾村委会,288,47,13,381
2996,新丰村委会,284,47,13,369
2997,梧坑村委会,520,70,22,627
2998,秀山村委会,111,38,23,124
2999,湖北村委会,139,33,15,261
3000,西吴村委会,378,61,17,493
3001,埔锦村委会,266,68,14,561
3002,山前村委会,136,48,6,350
3003,英墩村委会,103,30,6,233
3004,古厝村委会,251,47,15,401
3005,旦厝村委会,261,47,15,406
3006,割山村委会,57,2,0,50
3007,玉湖村委会,246,29,7,219
3008,后埔村委会,173,40,8,303
3009,玉溪村委会,81,35,4,155
3010,马坪村委会,110,33,7,138
3011,英林村委会,92,31,8,119
3012,三欧村委会,52,13,9,58
3013,古城营村委会,38,3,0,23
3014,王郭村委会,2,0,1,2
3015,新安村委会,610,75,18,871
3016,新坛村委会,579,71,20,834
3017,斗文村委会,580,72,19,835
3018,秀陇村委会,523,68,16,724
3019,华溪村委会,555,74,17,815
3020,光草洋村委会,556,70,18,763
3021,东埔村委会,427,59,13,564
3022,马栅村委会,2,1,0,0
3023,泗竹埔村委会,473,62,16,657
3024,泗竹仔村委会,523,69,16,750
3025,军屯村委会,593,77,20,866
3026,平湖村委会,591,77,18,849
3027,赵厝寮村委会,552,77,17,821
3028,赤水村委会,600,78,21,877
3029,白沙陇村委会,591,74,21,844
3030,南园村委会,468,63,20,702
3031,西陇村委会,307,32,10,409
3032,新寨村委会,264,22,10,349
3033,小扬美村委会,529,69,18,746
3034,钟潭村委会,488,70,17,696
3035,塔丰村委会,418,65,13,589
3036,塘边村委会,355,50,12,495
3037,新丰村委会,318,39,12,411
3038,松柏岭村委会,69,7,4,74
3039,华市村委会,154,13,5,167
3040,新寮村委会,561,74,21,818
3041,上寮村委会,541,72,18,769
3042,贵政山村委会,404,60,13,534
3043,多年山村委会,33,2,4,16
3044,高明村委会,113,4,3,86
3045,山湖村委会,474,64,19,641
3046,高埕村委会,405,47,14,543
3047,长岭口村委会,71,9,4,75
3048,果陇村委会,148,11,8,183
3049,光南村委会,278,23,11,364
3050,乌石村委会,118,9,7,142
3051,泥沟村委会,19,0,0,10
3052,新村村委会,153,6,8,113
3053,陈厝寨村委会,36,3,1,27
3054,横山村委会,70,6,5,47
3055,宝镜院村委会,27,1,0,22
3056,洪山村委会,72,7,6,55
3057,南村村委会,53,4,3,30
3058,钟堂村委会,72,11,3,79
3059,大陇村委会,55,3,3,37
3060,水寨村委会,69,7,2,50
3061,月屿村委会,152,9,5,161
3062,青洋山村委会,178,19,8,200
3063,华林村委会,162,14,8,152
3064,占梨村委会,14,1,1,8
3065,占苏村委会,188,17,5,195
3066,占陈村委会,154,13,5,169
3067,新寮村委会,129,12,3,139
3068,练江村委会,193,17,6,215
3069,西楼村委会,481,67,17,677
3070,西社西南村委会,460,61,18,665
3071,西社新北村委会,211,19,9,246
3072,莲坛村委会,218,20,5,258
3073,石桥头村委会,492,66,18,699
3074,新松村委会,47,8,1,33
3075,富美村委会,112,6,8,84
3076,冷美村委会,61,1,3,31
3077,竹头村委会,304,31,8,425
3078,泗坑村委会,99,9,5,102
3079,涂洋村委会,14,1,0,13
3080,高埔村委会,86,2,2,47
3081,田丰村委会,94,3,2,49
3082,远光村委会,98,3,2,56
3083,长美村委会,64,2,1,30
3084,溪南村委会,1,0,0,8
3085,尾泉村委会,17,0,0,22
3086,西水疃村委会,23,10,3,33
3087,骆庄村委会,129,12,4,174
3088,马坝村民委员会,429,52,11,250
3089,林前社区居民委员会,15,3,1,27
3090,南村村委会,1,0,0,4
3091,中村村委会,19,4,1,24
3092,北村村委会,36,4,0,26
3093,南故张村村委会,32,4,1,22
3094,北故张村村委会,43,4,1,29
3095,东羊平村村委会,11,1,0,12
3096,岸下村村委会,36,2,0,18
3097,西邸村村委会,41,2,1,21
3098,南东郭村村委会,49,3,1,21
3099,北东郭村村委会,35,5,1,17
3100,马羊村村委会,312,49,8,173
3101,北街社区居委会,409,83,9,314
3102,西街社区居委会,251,42,9,145
3103,东街社区居委会,325,75,6,199
3104,西邵村民委员会,267,44,10,164
3105,王乐田村民委员会,17,4,0,24
3106,刘六庄村民委员会,27,14,0,33
3107,八里庙村民委员会,38,11,0,39
3108,姚寨村民委员会,254,60,5,165
3109,豆堂新村村委会,16,5,0,32
3110,后尧村民委员会,42,10,0,58
3111,田油坊村民委员会,16,3,0,21
3112,常寨村民委员会,16,6,0,25
3113,隆华店村民委员会,21,5,0,18
3114,王河村民委员会,16,6,0,26
3115,代楼村民委员会,57,6,3,56
3116,河套园村委会,34,4,1,48
3117,倪集村民委员会,21,5,0,29
3118,余楼村民委员会,62,8,1,62
3119,崔河村民委员会,26,9,0,33
3120,李庄村民委员会,72,7,1,67
3121,张胡同村委会,78,8,0,80
3122,丁寨社区居委员会,25,2,0,26
3123,赵寨村民委员会,25,2,0,19
3124,邹庄村民委员会,40,3,0,33
3125,冯寨村民委员会,85,9,0,81
3126,仝大营村委会,233,32,8,166
3127,朱庙村民委员会,16,6,0,25
3128,王庄寨村民委员会,16,6,0,25
3129,甄楼村民委员会,27,10,0,36
3130,柳园村民委员会,38,8,0,46
3131,钟口村民委员会,257,44,10,156
3132,赵菜园村民委员会,14,0,0,3
3133,徐集村民委员会,28,6,0,32
3134,晏庄村民委员会,12,5,0,25
3135,张堂村民委员会,254,40,10,175
3136,仵楼村委会,21,5,0,18
3137,旧集村民委员会,24,3,0,22
3138,常庙北街村委会,4,2,0,0
3139,孙庄村民委员会,28,7,0,41
3140,李庙村民委员会,401,79,13,231
3141,杜庄村委会,30,7,0,41
3142,石庄村民委员会,15,6,0,29
3143,柳窑村民委员会,28,7,0,24
3144,西村村民委员会,26,6,0,25
3145,林后村民委员会,5,2,0,2
3146,张庄村民委员会,165,24,1,101
3147,黄庄村民委员会,35,10,0,43
3148,祝庄村民委员会,253,44,10,162
3149,袁白庄村民委员会,13,5,0,16
3150,李庄行政村,17,5,1,24
3151,姚庄寨行政村,51,11,1,46
3152,刘集村民委员会,26,6,0,25
3153,祝口村民委员会,44,6,0,40
3154,何楼村民委员会,25,10,0,28
3155,周楼村民委员会,228,29,1,138
3156,胡庄村民委员会,27,6,0,25
3157,尹黄庄村民委员会,17,6,0,30
3158,杨庄村民委员会,11,2,0,7
3159,黄楼村民委员会,6,2,0,12
3160,杨双庙村委会,17,6,0,13
3161,赵庄村委会,22,5,0,20
3162,陈楼寨村委会,16,3,0,15
3163,阎店楼村委会,17,2,0,13
3164,王楼村民委员会,27,6,0,25
3165,梁东村民委员会,13,4,0,23
3166,梁西村民委员会,26,6,0,25
3167,梁南村民委员会,13,4,0,14
3168,夏庄村民委员会,5,3,0,9
3169,南柳村民委员会,16,5,0,33
3170,柏树元村民委员会,27,6,0,25
3171,朱王庄村民委员会,15,1,0,14
3172,王堂村民委员会,20,7,0,15
3173,王善庄村民委员会,27,6,0,25
3174,安赵庄村民委员会,26,6,0,25
3175,安许楼村民委员会,26,6,0,25
3176,高集村民委员会,14,6,0,13
3177,杏花村村民委员会,12,6,0,14
3178,唐菜园村民委员会,21,5,1,37
3179,胡店村民委员会,26,6,0,25
3180,楚天集村民委员会,28,8,1,24
3181,火神台村民委员会,27,6,0,25
3182,榆林集村民委员会,16,7,0,32
3183,卫楼村民委员会,26,6,0,25
3184,霍庄村民委员会,28,6,0,25
3185,陈河村民委员会,34,11,1,29
3186,林庄村民委员会,27,6,0,25
3187,韩双楼村民委员会,30,9,0,26
3188,闫楼村民委员会,14,7,1,5
3189,程楼村民委员会,235,32,8,166
3190,苗庄村民委员会,12,4,1,9
3191,高庄集村民委员会,167,24,1,98
3192,黄庄村民委员会,14,8,0,33
3193,徐楼村民委员会,28,6,0,25
3194,孙井村民委员会,27,6,0,25
3195,安辛庄村民委员会,112,27,3,73
3196,四合村委会,13,7,1,28
3197,双楼村委会,11,3,0,22
3198,李集村委会,24,3,0,29
3199,王楼村委会,27,4,0,23
3200,桑园村委会,26,4,0,23
3201,姚付庄村委会,12,5,0,8
3202,望鲁集村委会,15,1,0,18
3203,周场村民委员会,16,5,0,31
3204,青山村民委员会,27,9,0,34
3205,李庄村民委员会,28,5,0,33
3206,碱刘村民委员会,14,8,0,32
3207,徐楼村民委员会,27,9,0,33
3208,李庄村民委员会,18,4,0,26
3209,李士茂村民委员会,11,3,0,23
3210,李集村民委员会,15,7,0,23
3211,常庄村委会,26,6,0,25
3212,大集东街村民委员会,26,6,0,25
3213,大集西街村民委员会,26,6,0,24
3214,大集北街村民委员会,10,1,0,7
3215,曹海村民委员会,41,8,0,35
3216,胡楼村民委员会,22,6,0,27
3217,徐庄村民委员会,21,1,0,22
3218,刘楼村民委员会,28,6,0,30
3219,任庄村民委员会,5,2,0,2
3220,张庄村民委员会,46,10,0,42
3221,李八庄村民委员会,15,3,0,24
3222,大寺村民委员会,26,6,0,25
3223,姚集村民委员会,186,26,1,111
3224,吴庄村民委员会,26,6,0,25
3225,花王楼村民委员会,11,4,0,13
3226,安庄村民委员会,173,44,1,136
3227,李楼村民委员会,16,6,0,29
3228,葛楼村民委员会,227,29,1,138
3229,胡庄村民委员会,26,6,0,25
3230,殷庙村民委员会,32,9,0,40
3231,文昌阁村民委员会,192,21,3,180
3232,王庄村民委员会,26,5,1,34
3233,毛庄村民委员会,26,6,0,25
3234,丁楼村民委员会,27,6,0,25
3235,常庙村民委员会,89,9,1,111
3236,桑庄村民委员会,141,19,3,88
3237,陈河行政村,37,8,0,38
3238,付海行政村,19,8,1,29
3239,姚万楼行政村,32,5,0,49
3240,南街村委会,204,40,2,148
3241,东北街村委会,157,21,0,91
3242,郭洼村委会,4,2,0,0
3243,孙庄村委会,27,9,0,34
3244,李庄村民委员会,5,3,0,9
3245,阎集村民委员会,24,10,2,22
3246,菜园李村民委员会,13,6,0,5
3247,中张庄村民委员会,15,1,0,14
3248,王堂村民委员会,24,10,0,28
3249,文庄村民委员会,15,1,0,19
3250,朱洪庙村民委员会,15,5,0,21
3251,魏窑村委会,128,33,4,123
3252,丈子头村委会,10,2,0,14
3253,相官村委会,173,17,5,116
3254,上川口村委会,40,18,3,51
3255,张庄村村委会,98,21,5,84
3256,北山村村委会,27,8,1,28
3257,赵家河村村民委员会,0,0,0,0
3258,横溪河村村民委员会,0,0,0,6
3259,三藏寺村村民委员会,14,7,0,12
3260,曹店村村民委员会,2,6,0,2
3261,新周场村村民委员会,45,11,1,44
3262,平湖村村民委员会,6,5,0,11
3263,姚家港村村民委员会,0,0,0,0
3264,仙女村村民委员会,4,1,0,4
3265,周场村村民委员会,5,1,0,4
3266,向巷村村民委员会,10,3,1,6
3267,五通庙村村民委员会,9,2,0,8
3268,龙泉堂村村民委员会,9,2,0,8
3269,张家桥村村民委员会,8,2,0,8
3270,昙华寺村村民委员会,1,3,0,0
3271,同心桥村村民委员会,23,1,0,9
3272,十八行村委会,12,2,0,10
3273,肖张村委会,13,1,0,5
3274,程杨村委会,13,2,0,23
3275,西街村委会,7,2,0,5
3276,上洋村委会,13,7,1,12
3277,新姜村委会,53,8,4,33
3278,顺家路边村委会,144,26,10,77
3279,弈园村委会,16,8,0,14
3280,谷塘村委会,292,43,13,336
3281,小赭村委会,76,25,4,153
3282,宾舍村委会,67,26,4,169
3283,前梅村委会,71,26,5,190
3284,南钱清村委会,13,5,0,11
3285,凤仪村委会,74,28,4,179
3286,清风村委会,142,33,10,238
3287,联兴村委会,224,17,7,147
3288,基隆村委会,20,6,1,20
3289,花园村村委会,13,3,2,16
3290,靖安村村委会,4,1,0,5
3291,中桥村村委会,10,4,2,20
3292,外沙村村委会,10,3,2,7
3293,辛庄村委会,20,9,0,44
3294,荷叶村委会,239,35,23,156
3295,王家庄村委会,246,35,23,156
3296,乏马村委会,164,22,0,120
3297,岭头村委会,165,22,0,118
3298,大起村委会,11,2,2,18
3299,株木潭村委会,12,2,0,14
3300,石高桥村委会,310,35,10,436
3301,城东村村委会,277,31,7,262
3302,城西村村委会,342,29,9,409
3303,逾桥村村委会,429,34,8,429
3304,众善村村委会,479,41,9,566
3305,革新村村委会,208,34,15,146
3306,城南村村委会,73,15,4,167
3307,灵安村村委会,14,18,5,47
3308,合星村村委会,17,13,3,42
3309,落晚村村委会,593,70,64,505
3310,新生社区居委会,236,17,3,329
3311,新河村村委会,143,20,6,436
3312,永越村村委会,8,7,1,15
3313,永乐村村委会,109,20,6,338
3314,新濮村村委会,107,22,5,374
3315,新星村村委会,184,27,8,488
3316,永联村村委会,21,20,4,69
3317,红星村村委会,22,18,4,93
3318,万星村村委会,113,36,20,221
3319,海星村村委会,27,22,2,47
3320,汇丰村村委会,25,13,4,81
3321,东池村村委会,19,16,4,74
3322,安全村村委会,19,18,5,73
3323,羔羊村村委会,29,16,5,73
3324,马鸣村村委会,27,17,43,41
3325,众安村村委会,27,20,2,55
3326,义马村村委会,27,17,7,93
3327,湘溪村村委会,28,13,6,76
3328,夜明村村委会,27,15,6,94
3329,坝桥村村委会,26,18,4,109
3330,青石村村委会,26,18,4,111
3331,东田村村委会,26,17,6,108
3332,南庄村村委会,26,20,4,47
3333,屈家浜村村委会,27,21,8,65
3334,麻溪村村委会,53,29,5,129
3335,西南村村委会,31,19,2,93
3336,大庄村村委会,22,18,7,71
3337,崇益村村委会,32,10,6,78
3338,光明村村委会,22,16,5,57
3339,吉字浜村村委会,22,18,6,54
3340,永丰村村委会,21,20,6,53
3341,黎明村村委会,210,34,15,144
3342,城郊村村委会,31,17,7,76
3343,上市村村委会,90,23,5,168
3344,东安村村委会,69,16,6,115
3345,民利村村委会,63,16,3,129
3346,留良村村委会,36,14,5,73
3347,御驾桥村村委会,72,18,6,136
3348,南阳村村委会,82,23,6,152
3349,茅桥埭村村委会,80,18,5,145
3350,钱家埭村村委会,82,18,4,145
3351,景卫村村委会,88,20,5,147
3352,上莫村村委会,82,19,5,149
3353,新益村村委会,91,21,6,144
3354,利顺村村委会,15,11,3,56
3355,五丰村村委会,90,19,5,123
3356,芝村村村委会,17,0,0,15
3357,老梅村委会,66,23,11,58
3358,春江村村委会,10,9,4,18
3359,方埠村村委会,13,5,0,16
3360,桥东村村委会,16,1,0,10
3361,东溪村村委会,16,1,0,10
3362,陈庄村委会,23,2,0,12
3363,孙洼村委会,186,34,1,175
3364,北大冉村村委会,18,5,1,35
3365,东吕村村委会,18,5,1,28
3366,南营头村村委会,15,3,1,45
3367,北营头村村委会,16,3,0,22
3368,韦各庄村村委会,188,38,3,120
3369,东梁所村民委员会,204,37,3,119
3370,西梁所村民委员会,235,47,63,255
3371,横山头村委会,131,58,49,311
3372,洋河村委会,158,55,49,328
3373,虎头山村委会,140,52,50,290
3374,楼山村委会,139,45,49,267
3375,鸡鸣村委会,409,64,74,276
3376,下保宅前村委会,30,8,0,29
3377,吴岙村委会,6,2,0,5
3378,下岙村委会,400,57,73,240
3379,吴山村委会,92,51,12,294
3380,石粘村委会,79,49,7,240
3381,麻车村委会,75,48,8,251
3382,花桥村委会,71,11,5,28
3383,横塘村委会,80,54,7,271
3384,沧浦村委会,120,21,4,104
3385,芳田村委会,38,9,0,25
3386,九份村委会,134,23,3,120
3387,后陈村委会,94,52,12,300
3388,东普村委会,106,59,24,332
3389,下洋林村委会,112,59,12,337
3390,七份岸村委会,146,23,3,119
3391,前陈村委会,95,61,9,325
3392,祝家洋村委会,558,42,47,257
3393,西洋村委会,166,49,11,190
3394,腾蛟居委会,167,49,11,193
3395,山北居委会,57,9,3,83
3396,洪家村委会,114,48,8,189
3397,戴家村委会,144,23,3,115
3398,樟皇村委会,32,30,0,34
3399,横径村委会,68,29,3,44
3400,汇头林村委会,55,16,6,47
3401,前岸村委会,146,23,3,119
3402,三衙桥村委会,168,47,13,157
3403,湖亭村委会,137,45,10,186
3404,茶屿村委会,158,57,14,238
3405,珠山村委会,157,57,12,241
3406,水澄村委会,142,39,9,170
3407,西湾村委会,118,42,10,177
3408,天皇村委会,142,41,9,165
3409,西桐村委会,104,66,7,299
3410,牧屿村委会,144,23,3,114
3411,牧南村委会,102,56,5,246
3412,沈桥村委会,102,61,9,322
3413,五里泾村委会,47,14,1,21
3414,八份村委会,102,55,6,237
3415,渚里村委会,104,60,4,249
3416,姜家村委会,135,20,5,200
3417,马家村委会,84,47,5,200
3418,夹屿村委会,83,51,4,225
3419,埭头蔡村委会,83,51,5,213
3420,金施村委会,202,46,7,208
3421,楼下张村委会,66,50,1,62
3422,长大村委会,89,49,5,159
3423,双峰村委会,103,53,7,208
3424,高坦村委会,201,50,19,269
3425,联树村委会,123,43,7,131
3426,下店村委会,25,5,1,16
3427,光明村委会,87,27,3,139
3428,双凌村委会,93,28,3,127
3429,下村村委会,74,20,3,90
3430,良山村委会,94,30,3,144
3431,殿下村委会,96,35,3,142
3432,念母洋村委会,100,39,4,166
3433,桥外村委会,85,27,3,115
3434,照洋村委会,92,33,3,142
3435,下山后村委会,72,28,2,112
3436,新南岙村委会,48,16,1,70
3437,里宅村委会,38,14,1,65
3438,塘岭村委会,116,60,7,249
3439,潘郎村委会,101,43,5,180
3440,前瓦屿村委会,106,61,8,264
3441,田洋季村委会,120,51,9,232
3442,油屿村委会,81,40,9,195
3443,佛陇村委会,45,26,2,95
3444,山市村委会,41,22,1,82
3445,下员山村委会,121,51,9,246
3446,利岙村委会,130,54,10,247
3447,下洋张村委会,66,22,3,65
3448,松建村委会,78,27,4,80
3449,度爿村委会,47,25,4,34
3450,东洋里村委会,138,11,8,92
3451,城北村委会,83,34,5,86
3452,南鉴村委会,74,40,4,68
3453,蔡洋村委会,61,32,3,69
3454,长屿村委会,61,32,3,70
3455,塘下村委会,61,32,3,70
3456,中厢村委会,61,32,3,69
3457,湾下村委会,57,15,1,38
3458,前洋下村委会,61,38,0,52
3459,上珙村委会,72,31,20,94
3460,茅洋村委会,46,23,8,90
3461,横泾堂村委会,77,37,27,128
3462,江厦村委会,181,46,58,165
3463,杨家村委会,17,12,4,24
3464,二甲村委会,327,61,14,293
3465,新河村委会,216,55,47,355
3466,谢林港村,143,22,8,262
3467,田中村委会,12,4,3,19
3468,莲云村委会,12,4,3,19
3469,东埔村委会,762,67,16,862
3470,凤山村委会,752,67,16,879
3471,花园村委会,707,67,19,817
3472,陈桥村委会,580,60,15,650
3473,大新乡村委会,763,70,23,848
3474,竹围村委会,772,70,23,856
3475,云梯村委会,678,68,19,780
3476,西塘村委会,719,64,18,812
3477,塘边村委会,738,65,14,844
3478,仙田二村委会,277,25,13,248
3479,何王庄村村民委员会,276,25,13,245
3480,宋庄村村民委员会,315,72,10,258
3481,曹店村村民委员会,14,1,0,13
3482,孟庄村民委员会,12,1,0,13
3483,把里村民委员会,200,36,8,157
3484,袁庄村民委员会,33,5,0,22
3485,牟家村民委员会,33,5,0,22
3486,河门头村民委员会,19,6,0,13
3487,郭草滩村民委员会,33,5,0,22
3488,孙白社村民委员会,299,44,6,210
3489,朝阳村委会,298,44,6,219
3490,东赵沟村委会,283,41,5,207
3491,西赵沟村委会,27,4,2,30
3492,龙庄村委会,45,13,5,58
3493,北街村委会,12,1,0,3
3494,谒山村村委会,27,2,0,44
3495,大册营村村委会,25,3,0,28
3496,方上村村委会,24,3,0,27
3497,北宋村村委会,25,2,0,48
3498,夜借村村委会,9,4,0,33
3499,小街村委会,23,1,0,11
3500,草坂村委会,3,2,2,3
3501,邹塘村委会,26,4,2,20
3502,蔡坑村委会,77,27,6,79
3503,衍后村委会,209,41,20,193
3504,长福村委会,45,15,6,34
3505,埔美山村委会,144,36,11,83
3506,林前村委会,14,1,5,5
3507,田址村委会,231,40,24,206
3508,颜厝村委会,26,5,0,6
3509,李庄村委会,26,5,0,6
3510,石洪村委会,14,1,1,9
3511,兰田村委会,14,1,1,9
3512,文卿村委会,11,2,1,15
3513,潘铺村委会,9,2,0,8
3514,双峰居委会,239,25,9,313
3515,下东埔村委会,263,23,9,356
3516,练南村委会,229,21,9,299
3517,华桥村委会,227,19,9,303
3518,潮东村委会,226,19,9,299
3519,陇美村委会,249,24,9,353
3520,东溪村委会,118,7,5,172
3521,溪南村委会,271,21,12,390
3522,拱桥村委会,260,21,12,390
3523,拱上村委会,275,23,11,389
3524,洋汾陈村委会,272,22,11,401
3525,洋汾林村委会,290,25,13,376
3526,西沟村委会,285,24,12,386
3527,沟头村委会,285,25,13,383
3528,上西沟村委会,189,11,8,221
3529,英大埔村委会,289,28,14,392
3530,东沟村委会,278,23,9,361
3531,西港村委会,248,21,10,308
3532,陈禾陂村委会,201,14,7,244
3533,大宅村委会,70,5,6,51
3534,简朴村委会,94,6,3,82
3535,西岐村委会,215,16,10,331
3536,深沟村委会,214,16,10,334
3537,溪美朱村委会,205,12,7,279
3538,华里西村委会,242,18,9,375
3539,上底村委会,258,20,12,379
3540,仙港村委会,268,23,13,398
3541,塭美村委会,115,9,11,89
3542,美西村委会,192,10,11,285
3543,下方村委会,260,7,14,375
3544,三合村委会,186,12,6,242
3545,福潭村委会,204,19,10,262
3546,新溪西村委会,220,21,7,292
3547,流溪村委会,214,14,7,269
3548,范溪村委会,207,12,7,257
3549,港后村委会,178,7,8,196
3550,内新村委会,199,8,7,222
3551,洋新村委会,173,6,7,200
3552,浮草村委会,288,25,13,379
3553,崎沟村委会,183,13,9,194
3554,禾皋村委会,106,8,6,100
3555,高美村委会,150,10,7,173
3556,西新村委会,129,9,5,151
3557,东北村委会,152,10,7,180
3558,鹤联村委会,284,21,9,357
3559,新庆村委会,289,23,8,352
3560,泗黄村委会,124,6,3,117
3561,泗和村委会,170,7,2,207
3562,溪尾周村委会,303,28,13,377
3563,新中村委会,94,6,6,61
3564,珠埕村委会,451,21,6,529
3565,枫洋二村委会,458,27,8,565
3566,枫洋三村委会,534,30,6,622
3567,枫洋四村委会,372,22,7,464
3568,崎头村委会,649,46,9,736
3569,孚中村委会,518,28,6,568
3570,福庆村委会,107,3,5,122
3571,横溪村委会,98,2,1,92
3572,登塘村委会,57,2,2,64
3573,白云村委会,297,18,7,389
3574,东门村委会,212,15,9,303
3575,南门村委会,235,15,7,328
3576,大埕村委会,419,32,9,535
3577,浮岗村委会,47,1,1,35
3578,凤岗村委会,172,12,4,186
3579,南陇村委会,181,10,7,243
3580,泮洋村委会,190,12,5,264
3581,吉林村委会,192,14,6,273
3582,双岗村委会,85,4,3,51
3583,淇园村委会,160,11,12,241
3584,盛户村委会,123,3,2,104
3585,徐陇村委会,135,11,12,201
3586,洪巷村委会,144,13,3,178
3587,潘刘村委会,125,6,0,114
3588,福洞村委会,193,14,5,264
3589,乌洋村委会,173,11,4,229
3590,西郊村委会,165,13,5,216
3591,三胜村委会,287,23,8,335
3592,市头村委会,124,6,3,91
3593,下阁村委会,119,5,3,90
3594,阁一村委会,119,5,3,77
3595,阁二村委会,121,6,1,111
3596,塘东村委会,127,5,2,103
3597,东升村委会,128,7,2,114
3598,银湖村委会,137,7,4,133
3599,鹳四村委会,259,14,9,292
3600,远光村委会,563,49,16,634
3601,湖美村委会,163,10,2,155
3602,潘厝村委会,168,12,4,175
3603,龙下村委会,174,12,4,185
3604,下陇村委会,193,15,4,227
3605,田头村委会,192,15,4,230
3606,厂头村委会,207,18,4,243
3607,辜厝村委会,204,16,4,237
3608,陈厝巷村委会,199,15,4,239
3609,黄厝巷村委会,189,15,4,239
3610,上官路村委会,154,7,14,99
3611,赖厝村委会,164,13,5,217
3612,仙都三村委会,171,13,4,198
3613,塔下村委会,157,9,4,149
3614,上西林村委会,154,6,4,151
3615,下西林村委会,698,67,15,811
3616,内池村委会,81,3,3,68
3617,贾里村委会,206,18,2,286
3618,院前村委会,209,19,2,272
3619,岭头村委会,36,1,3,25
3620,水美村委会,202,17,4,266
3621,新联村委会,176,16,4,188
3622,仙安村委会,199,18,4,228
3623,龙吉美村委会,208,17,4,259
3624,和平村委会,196,17,2,272
3625,红旗村委会,197,17,2,279
3626,宏安一村委会,222,16,2,316
3627,金东村委会,222,17,2,325
3628,南方村委会,8,0,0,3
3629,金一村委会,71,2,2,57
3630,金二村委会,221,16,3,327
3631,金三村委会,207,16,3,294
3632,金四村委会,4,1,0,1
3633,东里村委会,203,13,10,247
3634,华桥村委会,213,17,5,319
3635,华美一村委会,249,20,6,341
3636,华美二村委会,228,17,3,320
3637,骊塘三村委会,166,16,6,151
3638,庄西陇村委会,171,15,2,194
3639,礼阳郑村委会,149,14,2,176
3640,诗阳村委会,168,17,2,214
3641,下张村委会,185,17,5,259
3642,沟边村委会,212,20,5,309
3643,黄厝尾村委会,18,2,0,6
3644,内畔村委会,18,2,0,6
3645,霞露村委会,18,2,0,6
3646,砚前村委会,202,14,10,240
3647,大干村委会,203,14,10,245
3648,亭厦村委会,189,13,10,214
3649,美乡村委会,495,41,13,623
3650,林厝村委会,211,17,9,255
3651,仙溪村委会,456,37,14,467
3652,乔林村委会,210,18,9,258
3653,官路村委会,371,26,8,431
3654,梅溪村委会,484,29,9,536
3655,厦吴村委会,229,22,9,297
3656,外文村委会,497,41,13,619
3657,凤岐村委会,251,19,8,303
3658,文里村委会,244,15,5,325
3659,刘陇村委会,202,9,8,233
3660,龙坑村委会,166,16,6,150
3661,庄陇村委会,108,6,1,89
3662,洲东村委会,34,2,1,32
3663,仙洲村委会,122,7,2,109
3664,樟厝洲村委会,516,44,14,620
3665,古板头村委会,257,25,13,210
3666,南门村委会,28,0,0,6
3667,东陇村委会,70,3,5,31
3668,田东村委会,36,0,1,31
3669,深洋村委会,95,7,2,177
3670,官田村委会,102,8,2,181
3671,横山村委会,125,8,1,194
3672,东明村委会,122,8,1,193
3673,东星村委会,116,8,2,180
3674,大坑村委会,143,4,7,158
3675,仙马村委会,192,10,11,280
3676,坑仔村委会,139,14,4,196
3677,山前村委会,131,3,8,133
3678,西美村委会,139,6,6,134
3679,玉窖村委会,1134,80,37,1016
3680,新乡村委会,117,8,2,144
3681,新厝村委会,136,9,14,87
3682,湄洲村委会,203,14,7,244
3683,后望村委会,88,2,5,77
3684,新桥村委会,66,2,2,71
3685,河陇村委会,153,5,8,189
3686,草尾村委会,153,5,8,189
3687,市上村委会,170,10,9,261
3688,肖渡村委会,60,4,6,42
3689,凤壶村委会,177,6,8,237
3690,渡头村委会,80,9,4,68
3691,横陇村委会,69,6,4,49
3692,前沟村委会,70,6,4,46
3693,前埔村委会,192,10,11,278
3694,下北村委会,61,3,3,28
3695,后溪村委会,60,2,3,24
3696,前美村委会,491,35,11,541
3697,渡亭村委会,464,30,10,470
3698,蔡寮村委会,307,14,9,352
3699,下村村委会,444,28,8,453
3700,沟内村委会,424,27,8,441
3701,陈厝洲村委会,363,19,8,397
3702,建阳村委会,277,9,12,327
3703,许厝村委会,231,10,9,294
3704,槐泽村委会,234,10,9,290
3705,槐东村委会,334,14,12,381
3706,立德村委会,382,21,11,416
3707,槐南村委会,118,8,3,118
3708,程洋岗村委会,99,6,5,78
3709,窖西村委会,392,28,10,489
3710,南湾村委会,337,25,9,415
3711,北湾村委会,424,32,10,504
3712,东湾村委会,258,24,9,377
3713,海后村委会,166,8,6,211
3714,永新村委会,120,8,9,130
3715,涂城村委会,152,8,1,180
3716,竹林村委会,154,8,2,177
3717,兰苑村委会,137,8,5,151
3718,上巷村委会,118,6,11,107
3719,南徽村委会,180,10,8,225
3720,盛洲村委会,108,8,14,80
3721,埭头村委会,102,8,13,81
3722,上岱美村委会,100,8,12,85
3723,下岱美村委会,94,6,5,49
3724,河美村委会,99,6,6,56
3725,东和村委会,104,7,11,60
3726,观一村委会,109,7,11,59
3727,塘西村委会,106,7,11,59
3728,月窟村委会,117,8,12,62
3729,南畔洲村委会,112,8,13,63
3730,明德村委会,504,46,10,555
3731,南社村委会,46,4,4,29
3732,鸿三村委会,576,92,14,468
3733,八里村委会,584,153,13,380
3734,塔西社区居民委员会,27,7,2,44
3735,新村社区居委会,240,45,8,235
3736,东门社区居委会,303,74,6,237
3737,城北社区居委会,33,4,0,29
3738,河东村委会,47,8,0,54
3739,郑庄村委会,252,48,10,246
3740,王圩村委会,8,4,1,9
3741,山前村委会,42,7,0,38
3742,任庄村委会,15,4,1,17
3743,伊东村委会,18,4,2,21
3744,田王村委会,22,5,1,30
3745,佟二堡村民委员会,3,0,0,0
3746,汉塘村委会,28,8,0,36
3747,焦庄村委会,14,8,0,35
3748,郭楼村委会,19,5,0,24
3749,刘瑞宇村委会,156,21,0,93
3750,郑桥村委会,32,12,1,46
3751,沙土社区居委会,155,21,0,95
3752,曹屯村委会,30,6,0,53
3753,东王楼村委会,24,14,0,29
3754,许店村委会,143,21,7,65
3755,卞庄村委会,27,14,0,34
3756,大刘庄村委会,17,5,0,23
3757,林庄村委会,44,5,0,34
3758,后王庄村委会,44,5,0,34
3759,西郭村委会,20,7,0,17
3760,万家村委会,144,21,7,62
3761,宋楼村委会,4,2,0,2
3762,王庄村委会,21,5,0,37
3763,马堂村委会,37,6,1,36
3764,郭庄村委会,206,39,1,129
3765,连庄村委会,31,6,0,42
3766,宝珠口村委会,12,5,0,9
3767,圈头村委会,25,2,0,19
3768,周庄村委会,16,3,0,13
3769,大石庄村委会,155,21,0,92
3770,汲尧村委会,46,15,1,52
3771,鲁谢庄村委会,21,7,0,12
3772,刘辛庄村委会,19,2,0,8
3773,新村村委会,8,1,0,10
3774,后王花园村委会,17,8,0,22
3775,李村集村委会,22,6,0,38
3776,刘李村村委会,156,21,0,97
3777,马厂村委会,155,21,0,95
3778,万乾村委会,30,4,0,37
3779,司庄村委会,30,4,0,38
3780,纸坊村委会,144,21,7,67
3781,许海村委会,22,3,0,28
3782,刘三门村委会,22,6,0,31
3783,徐庄村委会,20,5,0,37
3784,田海村委会,8,3,0,4
3785,东赵寨村委会,20,7,0,16
3786,宋庄村委会,19,6,0,26
3787,东马垓村委会,26,5,1,35
3788,毛庄村委会,493,92,6,331
3789,丰乐里村民委员会,181,18,12,100
3790,尹屯村委会,8,0,0,10
3791,新北峰村委会,13,1,0,9
3792,东樊屯村委会,280,43,16,254
3793,渔岙村委会,62,11,2,72
3794,樟岙村委会,138,24,3,163
3795,筠岗村委会,11,9,3,20
3796,中山村委会,155,23,9,179
3797,吴家村委会,149,23,7,172
3798,前排村委会,49,12,1,89
3799,河西村委会,16,5,0,45
3800,西轩湖甸村委会,291,57,9,234
3801,和平村委会,68,23,3,97
3802,新风村委会,50,11,1,95
3803,大冯庄村委会,178,21,11,180
3804,张村居委会,84,11,6,100
3805,后双岛村委会,21,10,3,24
3806,孙家滩村委会,31,13,3,57
3807,北江疃村委会,37,3,1,59
3808,团结村民委员会,868,82,32,546
3809,上埠村委会,823,77,31,530
3810,中埠村委会,707,60,24,420
3811,下埠村委会,129,48,13,107
3812,薛前村委会,859,81,33,522
3813,薛后村委会,791,83,31,501
3814,周田社区,1348,135,193,961
3815,星火社区,801,86,37,497
3816,华表社区,870,89,37,487
3817,上村社区,860,88,35,507
3818,中村社区,66,13,4,52
3819,下村村委会,760,69,31,480
3820,前埠村委会,4,3,0,3
3821,寨下村委会,515,33,15,326
3822,孙桥社区,512,36,15,364
3823,横河村委会,297,29,8,262
3824,宋家埭村委会,116,22,4,245
3825,林光社区,108,25,5,237
3826,仙降村委会,106,25,5,241
3827,新安村委会,11,2,1,4
3828,下社村委会,101,25,7,236
3829,台头村委会,157,19,6,273
3830,翁垟村委会,183,52,18,188
3831,金光村委会,398,63,42,360
3832,垟头村委会,86,23,6,202
3833,塘里村委会,83,23,5,99
3834,四甲村委会,95,33,16,123
3835,前林村委会,103,36,17,124
3836,后林村委会,22,7,0,10
3837,下林村委会,53,18,5,73
3838,阁三村委会,51,13,2,92
3839,塘头村委会,96,24,7,136
3840,沙园村委会,92,25,6,138
3841,大池头村委会,273,50,15,140
3842,林北村委会,281,28,10,258
3843,白象村委会,593,43,21,398
3844,中洲村委会,358,31,14,341
3845,繁荣村委会,156,20,4,238
3846,周村村委会,8,1,1,2
3847,十八江村委会,462,77,50,408
3848,邵宅社区,419,64,49,418
3849,赵宅社区,413,62,47,394
3850,陈宅社区,428,63,48,390
3851,塘西社区,438,63,49,427
3852,韩田社区,459,70,52,448
3853,新坊社区,457,78,50,416
3854,官渎社区,10,2,1,6
3855,上金村委会,517,92,53,462
3856,鲍二村委会,503,87,53,450
3857,鲍三村委会,510,94,52,451
3858,鲍四村委会,511,92,53,454
3859,鲍七村委会,92,17,6,246
3860,前进村委会,6,2,0,0
3861,南河村委会,469,81,57,440
3862,五林村委会,452,88,56,437
3863,五方村委会,341,70,15,223
3864,西河村委会,388,71,60,429
3865,陈岙村委会,30,10,3,48
3866,西岙村委会,58,20,10,74
3867,上叶村委会,94,37,16,220
3868,吴岙村委会,384,58,45,403
3869,花园村委会,254,44,27,279
3870,沙渎村委会,546,86,25,306
3871,江浦村委会,62,18,2,55
3872,九甲村委会,65,15,3,62
3873,篁社村委会,8,2,2,2
3874,金山村委会,35,13,2,45
3875,桐浦村委会,47,7,2,23
3876,曹北村委会,18,5,2,20
3877,许南村委会,133,17,13,136
3878,睦州垟村委会,167,37,9,109
3879,上汇村委会,126,20,14,203
3880,雄溪村委会,514,89,52,450
3881,塘下村委会,10,2,2,4
3882,郭南村委会,119,16,13,122
3883,河头村委会,78,25,3,68
3884,前垟村委会,146,30,14,304
3885,宋岙底村委会,199,38,23,338
3886,曹埭村委会,286,40,35,377
3887,凰桥村委会,296,43,41,374
3888,任桥村委会,327,52,88,417
3889,梅园村委会,478,75,123,550
3890,梅屿村委会,482,44,33,328
3891,浦东村委会,88,24,3,62
3892,华亭村委会,185,23,22,290
3893,潘桥村委会,65,14,5,68
3894,横塘村委会,138,17,13,212
3895,马桥村委会,88,16,9,197
3896,丁岙村委会,176,22,21,261
3897,横屿头村委会,3,3,0,0
3898,陈庄村委会,46,7,2,23
3899,焦下村委会,42,9,7,96
3900,泉塘村委会,18,5,3,46
3901,桐岭村委会,378,71,60,418
3902,陈岙村委会,146,25,13,214
3903,穗丰村委会,95,19,12,165
3904,仙南村委会,75,13,9,122
3905,岩二村委会,222,53,17,294
3906,沈岙村委会,108,21,11,178
3907,竹溪村委会,26,8,4,24
3908,天长村委会,27,11,5,30
3909,戈恬村委会,609,33,30,344
3910,蚬涌村民委员会,680,30,38,897
3911,涌口村民委员会,621,26,35,827
3912,河村村民委员会,525,24,39,780
3913,礼村村民委员会,539,27,37,779
3914,植村村民委员会,489,23,37,729
3915,猛涌村民委员会,450,23,37,732
3916,诜村村民委员会,96,6,10,186
3917,会江村民委员会,267,21,39,604
3918,官坑村民委员会,570,25,35,875
3919,大兴村民委员会,581,27,34,891
3920,北联村民委员会,524,25,38,784
3921,山西村民委员会,492,21,38,765
3922,大维村民委员会,2,0,0,0
3923,东联村民委员会,579,26,39,899
3924,大山村民委员会,101,8,13,290
3925,沙溪村民委员会,193,22,29,487
3926,石壁一村民委员会,168,16,25,327
3927,大洲村民委员会,407,27,40,496
3928,屏山一村民委员会,367,25,34,463
3929,屏山二村民委员会,375,25,37,442
3930,都那村民委员会,551,38,48,820
3931,茶东村民委员会,338,31,47,645
3932,新水坑村民委员会,843,59,50,941
3933,傍江东村民委员会,666,51,47,880
3934,新桥村民委员会,282,23,40,467
3935,坑头村民委员会,414,20,23,372
3936,市头村民委员会,434,21,21,472
3937,板桥村民委员会,409,24,28,535
3938,梅山村民委员会,331,23,39,515
3939,樟边村民委员会,485,26,39,651
3940,江南村民委员会,547,30,44,746
3941,里仁洞村民委员会,626,28,30,855
3942,官堂村民委员会,119,6,9,473
3943,塘西村民委员会,587,28,27,784
3944,新基村民委员会,593,27,27,757
3945,员岗村民委员会,502,25,26,717
3946,陈边村民委员会,85,12,20,114
3947,草堂村民委员会,85,12,20,121
3948,草堂村民委员会,17,1,4,14
3949,西山村民委员会,169,18,27,298
3950,眉山村民委员会,113,10,4,129
3951,南派村民委员会,217,19,78,305
3952,赤岗村民委员会,193,18,87,269
3953,赤山东村民委员会,731,45,41,431
3954,福涌村民委员会,190,9,9,222
3955,前锋村民委员会,109,8,3,141
3956,海傍村民委员会,49,4,5,70
3957,低涌村民委员会,276,12,12,248
3958,长坦村民委员会,487,32,22,408
3959,雁洲村民委员会,391,25,21,568
3960,石基村民委员会,289,25,23,440
3961,官涌村民委员会,249,19,49,369
3962,南浦村民委员会,269,24,24,417
3963,永善村民委员会,349,26,27,561
3964,莲塘村民委员会,326,29,33,589
3965,小龙村民委员会,148,20,33,389
3966,凌边村民委员会,209,18,28,347
3967,金山村民委员会,174,24,38,406
3968,桥山村民委员会,190,22,41,490
3969,文边村民委员会,584,41,30,728
3970,犀牛角社区居委会,124,7,7,393
3971,东华村委会,56,3,4,155
3972,汉塘村委会,92,6,8,295
3973,新兴村委会,109,9,86,145
3974,明星村委会,113,6,8,358
3975,高增村委会,110,6,9,380
3976,人和村委会,118,5,7,391
3977,西成村委会,109,5,7,379
3978,矮岗村委会,124,5,9,443
3979,凤和村委会,44,1,3,66
3980,岗尾村委会,102,4,7,371
3981,方石村委会,110,5,6,367
3982,大巷村委会,136,8,9,463
3983,太成村委会,117,5,6,410
3984,鸦湖村委会,111,7,8,427
3985,秀水村委会,109,6,7,468
3986,鹤亭村委会,159,11,16,421
3987,建南村委会,220,27,36,1027
3988,龙归社区居委会,48,4,2,152
3989,白山村委会,96,10,3,323
3990,和龙村委会,172,14,11,613
3991,米龙村委会,233,15,13,746
3992,大源村委会,42,1,5,83
3993,石湖村委会,99,8,4,351
3994,头陂村委会,98,6,4,376
3995,沙亭村委会,146,10,8,589
3996,大沥村委会,140,13,10,575
3997,谢家庄村委会,172,14,11,616
3998,营溪村委会,110,7,6,526
